mac_cliente,mac_ap,banda,rssi,time_step
40.39.191.157.33.63,0.66.104.213.240.0,0,-90,12
40.39.191.157.33.63,0.66.104.213.240.0,0,-84,13
40.39.191.157.33.63,0.66.104.213.240.0,0,-78,14
40.39.191.157.33.63,0.66.104.213.240.0,0,-72,15
40.39.191.157.33.63,0.66.104.213.240.0,0,-66,16
40.39.191.157.33.63,0.66.104.213.240.0,0,-60,17
40.39.191.157.33.63,0.66.104.213.240.0,0,-54,18
40.39.191.157.33.63,0.66.104.213.240.0,0,-48,19
40.39.191.157.33.63,0.66.104.213.240.0,0,-42,20
240.3.140.45.251.130,0.66.104.213.240.0,0,-51,20
240.3.140.45.251.130,0.66.104.213.240.0,0,-51,21
40.39.191.157.33.63,0.66.104.213.240.0,0,-36,21
240.3.140.45.251.130,0.66.104.213.240.0,0,-51,22
40.39.191.157.33.63,0.66.104.213.240.0,0,-37,22
240.3.140.45.251.130,0.66.104.213.240.0,0,-51,23
40.39.191.157.33.63,0.66.104.213.240.0,0,-44,23
240.3.140.45.251.130,0.66.104.213.240.0,0,-51,24
40.39.191.157.33.63,0.66.104.213.240.0,0,-50,24
40.39.191.157.33.63,0.66.104.213.240.0,0,-56,25
240.3.140.45.251.130,0.66.104.213.240.0,0,-51,25
40.39.191.157.33.63,0.66.104.213.240.0,0,-62,26
240.3.140.45.251.130,0.66.104.213.240.0,0,-51,26
40.39.191.157.33.63,0.66.104.213.240.0,0,-68,27
240.3.140.45.251.130,0.66.104.213.240.0,0,-51,27
240.3.140.45.251.130,0.66.104.213.240.0,0,-51,28
40.39.191.157.33.63,0.66.104.213.240.0,0,-74,28
240.3.140.45.251.130,0.66.104.213.240.0,0,-51,29
40.39.191.157.33.63,0.66.104.213.240.0,0,-80,29
40.39.191.157.33.63,0.66.104.213.240.0,0,-86,30
240.3.140.45.251.130,0.66.104.213.240.0,0,-51,30
40.39.191.157.33.63,0.66.104.213.240.0,0,-88,31
240.3.140.45.251.130,0.66.104.213.240.0,0,-51,31
216.252.147.127.63.210,0.66.104.213.240.0,0,-97,31
40.39.191.157.33.63,0.66.104.213.240.0,0,-82,32
240.3.140.45.251.130,0.66.104.213.240.0,0,-51,32
216.252.147.127.63.210,0.66.104.213.240.0,0,-95,32
240.3.140.45.251.130,0.66.104.213.240.0,0,-51,33
40.39.191.157.33.63,0.66.104.213.240.0,0,-76,33
216.252.147.127.63.210,0.66.104.213.240.0,0,-93,33
216.252.147.127.63.210,0.66.104.213.240.0,0,-93,34
240.3.140.45.251.130,0.66.104.213.240.0,0,-51,34
40.39.191.157.33.63,0.66.104.213.240.0,0,-70,34
164.186.219.182.232.26,0.66.104.213.240.0,0,-94,34
164.186.219.182.232.26,0.66.104.213.240.0,0,-94,35
216.252.147.127.63.210,0.66.104.213.240.0,0,-93,35
240.3.140.45.251.130,0.66.104.213.240.0,0,-51,35
40.39.191.157.33.63,0.66.104.213.240.0,0,-64,35
40.39.191.157.33.63,0.66.104.213.240.0,0,-58,36
240.3.140.45.251.130,0.66.104.213.240.0,0,-51,36
216.252.147.127.63.210,0.66.104.213.240.0,0,-93,36
164.186.219.182.232.26,0.66.104.213.240.0,0,-94,36
40.39.191.157.33.63,0.66.104.213.240.0,0,-52,37
216.252.147.127.63.210,0.66.104.213.240.0,0,-95,37
8.212.12.130.83.142,0.66.104.213.240.0,0,-56,37
240.3.140.45.251.130,0.66.104.213.240.0,0,-51,37
164.186.219.182.232.26,0.66.104.213.240.0,0,-94,37
240.3.140.45.251.130,0.66.104.213.240.0,0,-51,38
40.39.191.157.33.63,0.66.104.213.240.0,0,-46,38
216.252.147.127.63.210,0.66.104.213.240.0,0,-97,38
8.212.12.130.83.142,0.66.104.213.240.0,0,-59,38
164.186.219.182.232.26,0.66.104.213.240.0,0,-94,38
216.252.147.127.63.210,0.66.104.213.240.0,0,-97,39
240.3.140.45.251.130,0.66.104.213.240.0,0,-51,39
164.186.219.182.232.26,0.66.104.213.240.0,0,-94,39
8.212.12.130.83.142,0.66.104.213.240.0,0,-63,39
40.39.191.157.33.63,0.66.104.213.240.0,0,-40,39
164.186.219.182.232.26,0.66.104.213.240.0,0,-94,40
40.39.191.157.33.63,0.66.104.213.240.0,0,-34,40
8.212.12.130.83.142,0.66.104.213.240.0,0,-64,40
240.3.140.45.251.130,0.66.104.213.240.0,0,-51,40
216.252.147.127.63.210,0.66.104.213.240.0,0,-97,40
164.186.219.182.232.26,0.66.104.213.240.0,0,-94,41
216.252.147.127.63.210,0.66.104.213.240.0,0,-95,41
8.212.12.130.83.142,0.66.104.213.240.0,0,-65,41
240.3.140.45.251.130,0.66.104.213.240.0,0,-51,41
164.186.219.182.232.26,0.66.104.213.240.0,0,-94,42
8.212.12.130.83.142,0.66.104.213.240.0,0,-61,42
216.252.147.127.63.210,0.66.104.213.240.0,0,-94,42
240.3.140.45.251.130,0.66.104.213.240.0,0,-51,42
164.186.219.182.232.26,0.66.104.213.240.0,0,-94,43
8.212.12.130.83.142,0.66.104.213.240.0,0,-58,43
216.252.147.127.63.210,0.66.104.213.240.0,0,-93,43
240.3.140.45.251.130,0.66.104.213.240.0,0,-51,43
240.3.140.45.251.130,0.66.104.213.240.0,0,-51,44
8.212.12.130.83.142,0.66.104.213.240.0,0,-56,44
216.252.147.127.63.210,0.66.104.213.240.0,0,-95,44
164.186.219.182.232.26,0.66.104.213.240.0,0,-94,44
240.3.140.45.251.130,0.66.104.213.240.0,0,-51,45
216.252.147.127.63.210,0.66.104.213.240.0,0,-97,45
164.186.219.182.232.26,0.66.104.213.240.0,0,-94,45
8.212.12.130.83.142,0.66.104.213.240.0,0,-57,45
240.3.140.45.251.130,0.66.104.213.240.0,0,-51,46
164.186.219.182.232.26,0.66.104.213.240.0,0,-94,46
176.197.89.188.18.183,0.66.104.213.240.0,0,-98,46
8.212.12.130.83.142,0.66.104.213.240.0,0,-60,46
240.3.140.45.251.130,0.66.104.213.240.0,0,-51,47
164.186.219.182.232.26,0.66.104.213.240.0,0,-94,47
8.212.12.130.83.142,0.66.104.213.240.0,0,-62,47
176.197.89.188.18.183,0.66.104.213.240.0,0,-97,47
240.3.140.45.251.130,0.66.104.213.240.0,0,-51,48
164.186.219.182.232.26,0.66.104.213.240.0,0,-94,48
8.212.12.130.83.142,0.66.104.213.240.0,0,-62,48
176.197.89.188.18.183,0.66.104.213.240.0,0,-96,48
240.3.140.45.251.130,0.66.104.213.240.0,0,-51,49
8.212.12.130.83.142,0.66.104.213.240.0,0,-65,49
176.197.89.188.18.183,0.66.104.213.240.0,0,-95,49
164.186.219.182.232.26,0.66.104.213.240.0,0,-94,49
164.186.219.182.232.26,0.66.104.213.240.0,0,-94,50
8.212.12.130.83.142,0.66.104.213.240.0,0,-68,50
176.197.89.188.18.183,0.66.104.213.240.0,0,-95,50
164.186.219.182.232.26,0.66.104.213.240.0,0,-94,51
176.197.89.188.18.183,0.66.104.213.240.0,0,-94,51
8.212.12.130.83.142,0.66.104.213.240.0,0,-66,51
176.197.89.188.18.183,0.66.104.213.240.0,0,-93,52
8.212.12.130.83.142,0.66.104.213.240.0,0,-61,52
164.186.219.182.232.26,0.66.104.213.240.0,0,-94,52
164.186.219.182.232.26,0.66.104.213.240.0,0,-94,53
176.197.89.188.18.183,0.66.104.213.240.0,0,-93,53
8.212.12.130.83.142,0.66.104.213.240.0,0,-57,53
216.252.147.127.63.210,44.208.45.106.167.16,0,-30,54
164.186.219.182.232.26,0.66.104.213.240.0,0,-94,54
176.197.89.188.18.183,0.66.104.213.240.0,0,-93,54
8.212.12.130.83.142,0.66.104.213.240.0,0,-54,54
176.197.89.188.18.183,0.66.104.213.240.0,0,-93,55
216.252.147.127.63.210,44.208.45.106.167.16,0,-30,55
240.3.140.45.251.130,44.208.45.106.167.16,0,-81,55
164.186.219.182.232.26,0.66.104.213.240.0,0,-94,55
8.212.12.130.83.142,0.66.104.213.240.0,0,-59,55
8.212.12.130.83.142,0.66.104.213.240.0,0,-65,56
216.252.147.127.63.210,44.208.45.106.167.16,0,-30,56
240.3.140.45.251.130,44.208.45.106.167.16,0,-81,56
40.39.191.157.33.63,44.208.45.106.167.16,0,-85,56
176.197.89.188.18.183,0.66.104.213.240.0,0,-93,56
164.186.219.182.232.26,0.66.104.213.240.0,0,-94,56
8.212.12.130.83.142,0.66.104.213.240.0,0,-60,57
216.252.147.127.63.210,44.208.45.106.167.16,0,-31,57
176.197.89.188.18.183,0.66.104.213.240.0,0,-94,57
164.186.219.182.232.26,0.66.104.213.240.0,0,-94,57
240.3.140.45.251.130,44.208.45.106.167.16,0,-81,57
40.39.191.157.33.63,44.208.45.106.167.16,0,-85,57
40.39.191.157.33.63,44.208.45.106.167.16,0,-85,58
164.186.219.182.232.26,0.66.104.213.240.0,0,-94,58
240.3.140.45.251.130,44.208.45.106.167.16,0,-81,58
176.197.89.188.18.183,0.66.104.213.240.0,0,-94,58
8.212.12.130.83.142,0.66.104.213.240.0,0,-56,58
216.252.147.127.63.210,44.208.45.106.167.16,0,-31,58
240.3.140.45.251.130,44.208.45.106.167.16,0,-81,59
164.186.219.182.232.26,0.66.104.213.240.0,0,-94,59
8.212.12.130.83.142,0.66.104.213.240.0,0,-59,59
176.197.89.188.18.183,0.66.104.213.240.0,0,-94,59
216.252.147.127.63.210,44.208.45.106.167.16,0,-31,59
40.39.191.157.33.63,44.208.45.106.167.16,0,-85,59
216.252.147.127.63.210,44.208.45.106.167.16,0,-32,60
8.212.12.130.83.142,0.66.104.213.240.0,0,-63,60
40.39.191.157.33.63,44.208.45.106.167.16,0,-85,60
240.3.140.45.251.130,44.208.45.106.167.16,0,-81,60
164.186.219.182.232.26,0.66.104.213.240.0,0,-94,60
176.197.89.188.18.183,0.66.104.213.240.0,0,-94,60
240.3.140.45.251.130,44.208.45.106.167.16,0,-81,61
176.197.89.188.18.183,0.66.104.213.240.0,0,-94,61
164.186.219.182.232.26,0.66.104.213.240.0,0,-94,61
40.39.191.157.33.63,44.208.45.106.167.16,0,-85,61
8.212.12.130.83.142,0.66.104.213.240.0,0,-64,61
216.252.147.127.63.210,44.208.45.106.167.16,0,-32,61
164.186.219.182.232.26,0.66.104.213.240.0,0,-94,62
8.212.12.130.83.142,0.66.104.213.240.0,0,-65,62
240.3.140.45.251.130,44.208.45.106.167.16,0,-81,62
176.197.89.188.18.183,0.66.104.213.240.0,0,-94,62
40.39.191.157.33.63,44.208.45.106.167.16,0,-86,62
216.252.147.127.63.210,44.208.45.106.167.16,0,-32,62
40.39.191.157.33.63,44.208.45.106.167.16,0,-89,63
216.252.147.127.63.210,44.208.45.106.167.16,0,-32,63
164.186.219.182.232.26,0.66.104.213.240.0,0,-94,63
8.212.12.130.83.142,0.66.104.213.240.0,0,-61,63
240.3.140.45.251.130,44.208.45.106.167.16,0,-81,63
176.197.89.188.18.183,0.66.104.213.240.0,0,-94,63
216.252.147.127.63.210,44.208.45.106.167.16,0,-32,64
240.3.140.45.251.130,44.208.45.106.167.16,0,-81,64
40.39.191.157.33.63,44.208.45.106.167.16,0,-92,64
176.197.89.188.18.183,0.66.104.213.240.0,0,-94,64
8.212.12.130.83.142,0.66.104.213.240.0,0,-58,64
164.186.219.182.232.26,0.66.104.213.240.0,0,-94,64
216.252.147.127.63.210,44.208.45.106.167.16,0,-32,65
176.197.89.188.18.183,0.66.104.213.240.0,0,-94,65
8.212.12.130.83.142,0.66.104.213.240.0,0,-56,65
240.3.140.45.251.130,44.208.45.106.167.16,0,-81,65
40.39.191.157.33.63,44.208.45.106.167.16,0,-90,65
164.186.219.182.232.26,0.66.104.213.240.0,0,-94,65
216.252.147.127.63.210,44.208.45.106.167.16,0,-33,66
240.3.140.45.251.130,44.208.45.106.167.16,0,-81,66
176.197.89.188.18.183,0.66.104.213.240.0,0,-94,66
8.212.12.130.83.142,0.66.104.213.240.0,0,-57,66
40.39.191.157.33.63,44.208.45.106.167.16,0,-87,66
8.212.12.130.83.142,0.66.104.213.240.0,0,-60,67
176.197.89.188.18.183,0.66.104.213.240.0,0,-94,67
216.252.147.127.63.210,44.208.45.106.167.16,0,-34,67
240.3.140.45.251.130,44.208.45.106.167.16,0,-81,67
40.39.191.157.33.63,44.208.45.106.167.16,0,-85,67
176.197.89.188.18.183,0.66.104.213.240.0,0,-94,68
8.212.12.130.83.142,0.66.104.213.240.0,0,-62,68
240.3.140.45.251.130,44.208.45.106.167.16,0,-81,68
216.252.147.127.63.210,44.208.45.106.167.16,0,-35,68
240.3.140.45.251.130,44.208.45.106.167.16,0,-81,69
8.212.12.130.83.142,0.66.104.213.240.0,0,-62,69
120.228.0.57.52.255,0.66.104.213.240.0,0,-61,69
216.252.147.127.63.210,44.208.45.106.167.16,0,-36,69
176.197.89.188.18.183,0.66.104.213.240.0,0,-95,69
240.3.140.45.251.130,44.208.45.106.167.16,0,-81,70
216.252.147.127.63.210,44.208.45.106.167.16,0,-37,70
176.197.89.188.18.183,0.66.104.213.240.0,0,-95,70
120.228.0.57.52.255,0.66.104.213.240.0,0,-61,70
8.212.12.130.83.142,0.66.104.213.240.0,0,-65,70
8.212.12.130.83.142,0.66.104.213.240.0,0,-68,71
176.197.89.188.18.183,0.66.104.213.240.0,0,-95,71
120.228.0.57.52.255,0.66.104.213.240.0,0,-61,71
24.33.149.227.215.219,0.66.104.213.240.0,0,-95,71
240.3.140.45.251.130,44.208.45.106.167.16,0,-81,71
216.252.147.127.63.210,44.208.45.106.167.16,0,-38,71
120.228.0.57.52.255,0.66.104.213.240.0,0,-61,72
176.197.89.188.18.183,0.66.104.213.240.0,0,-96,72
240.3.140.45.251.130,44.208.45.106.167.16,0,-81,72
8.212.12.130.83.142,0.66.104.213.240.0,0,-66,72
216.252.147.127.63.210,44.208.45.106.167.16,0,-38,72
24.33.149.227.215.219,0.66.104.213.240.0,0,-96,72
120.228.0.57.52.255,0.66.104.213.240.0,0,-61,73
240.3.140.45.251.130,44.208.45.106.167.16,0,-81,73
176.197.89.188.18.183,0.66.104.213.240.0,0,-96,73
216.252.147.127.63.210,44.208.45.106.167.16,0,-36,73
24.33.149.227.215.219,0.66.104.213.240.0,0,-89,73
8.212.12.130.83.142,0.66.104.213.240.0,0,-60,73
120.228.0.57.52.255,0.66.104.213.240.0,0,-61,74
240.3.140.45.251.130,44.208.45.106.167.16,0,-81,74
216.252.147.127.63.210,44.208.45.106.167.16,0,-35,74
24.33.149.227.215.219,0.66.104.213.240.0,0,-88,74
176.197.89.188.18.183,0.66.104.213.240.0,0,-96,74
8.212.12.130.83.142,0.66.104.213.240.0,0,-57,74
240.3.140.45.251.130,44.208.45.106.167.16,0,-81,75
216.252.147.127.63.210,44.208.45.106.167.16,0,-33,75
24.33.149.227.215.219,0.66.104.213.240.0,0,-92,75
8.212.12.130.83.142,0.66.104.213.240.0,0,-54,75
176.197.89.188.18.183,0.66.104.213.240.0,0,-96,75
120.228.0.57.52.255,0.66.104.213.240.0,0,-61,75
24.33.149.227.215.219,0.66.104.213.240.0,0,-94,76
40.39.191.157.33.63,44.208.45.125.172.128,0,-94,76
216.252.147.127.63.210,44.208.45.106.167.16,0,-32,76
176.197.89.188.18.183,0.66.104.213.240.0,0,-95,76
120.228.0.57.52.255,0.66.104.213.240.0,0,-61,76
240.3.140.45.251.130,44.208.45.106.167.16,0,-81,76
8.212.12.130.83.142,0.66.104.213.240.0,0,-59,76
176.197.89.188.18.183,0.66.104.213.240.0,0,-94,77
8.212.12.130.83.142,0.66.104.213.240.0,0,-66,77
24.33.149.227.215.219,0.66.104.213.240.0,0,-95,77
216.252.147.127.63.210,44.208.45.106.167.16,0,-30,77
40.39.191.157.33.63,44.208.45.125.172.128,0,-94,77
240.3.140.45.251.130,44.208.45.106.167.16,0,-81,77
120.228.0.57.52.255,0.66.104.213.240.0,0,-61,77
216.252.147.127.63.210,44.208.45.106.167.16,0,-30,78
240.3.140.45.251.130,44.208.45.106.167.16,0,-81,78
40.39.191.157.33.63,44.208.45.125.172.128,0,-94,78
176.197.89.188.18.183,0.66.104.213.240.0,0,-94,78
24.33.149.227.215.219,0.66.104.213.240.0,0,-95,78
120.228.0.57.52.255,0.66.104.213.240.0,0,-61,78
240.3.140.45.251.130,44.208.45.106.167.16,0,-81,79
216.252.147.127.63.210,44.208.45.106.167.16,0,-31,79
40.39.191.157.33.63,44.208.45.125.172.128,0,-94,79
164.186.219.182.232.26,44.208.45.106.167.16,0,-74,79
24.33.149.227.215.219,0.66.104.213.240.0,0,-88,79
176.197.89.188.18.183,0.66.104.213.240.0,0,-93,79
120.228.0.57.52.255,0.66.104.213.240.0,0,-61,79
120.228.0.57.52.255,0.66.104.213.240.0,0,-61,80
176.197.89.188.18.183,0.66.104.213.240.0,0,-93,80
216.252.147.127.63.210,44.208.45.106.167.16,0,-31,80
240.3.140.45.251.130,44.208.45.106.167.16,0,-81,80
24.33.149.227.215.219,0.66.104.213.240.0,0,-89,80
164.186.219.182.232.26,44.208.45.106.167.16,0,-74,80
40.39.191.157.33.63,44.208.45.125.172.128,0,-94,80
240.3.140.45.251.130,44.208.45.106.167.16,0,-81,81
24.33.149.227.215.219,0.66.104.213.240.0,0,-92,81
216.252.147.127.63.210,44.208.45.106.167.16,0,-32,81
164.186.219.182.232.26,44.208.45.106.167.16,0,-74,81
176.197.89.188.18.183,0.66.104.213.240.0,0,-93,81
120.228.0.57.52.255,0.66.104.213.240.0,0,-61,81
40.39.191.157.33.63,44.208.45.125.172.128,0,-94,81
164.186.219.182.232.26,44.208.45.106.167.16,0,-74,82
240.3.140.45.251.130,44.208.45.106.167.16,0,-81,82
176.197.89.188.18.183,0.66.104.213.240.0,0,-93,82
120.228.0.57.52.255,0.66.104.213.240.0,0,-61,82
24.33.149.227.215.219,0.66.104.213.240.0,0,-95,82
216.252.147.127.63.210,44.208.45.106.167.16,0,-33,82
40.39.191.157.33.63,44.208.45.125.172.128,0,-94,82
216.252.147.127.63.210,44.208.45.106.167.16,0,-33,83
240.3.140.45.251.130,44.208.45.106.167.16,0,-81,83
176.197.89.188.18.183,0.66.104.213.240.0,0,-93,83
164.186.219.182.232.26,44.208.45.106.167.16,0,-74,83
120.228.0.57.52.255,0.66.104.213.240.0,0,-61,83
40.39.191.157.33.63,44.208.45.125.172.128,0,-94,83
240.3.140.45.251.130,44.208.45.106.167.16,0,-81,84
164.186.219.182.232.26,44.208.45.106.167.16,0,-74,84
40.39.191.157.33.63,44.208.45.125.172.128,0,-95,84
120.228.0.57.52.255,0.66.104.213.240.0,0,-61,84
176.197.89.188.18.183,0.66.104.213.240.0,0,-93,84
216.252.147.127.63.210,44.208.45.106.167.16,0,-33,84
176.197.89.188.18.183,0.66.104.213.240.0,0,-93,85
120.228.0.57.52.255,0.66.104.213.240.0,0,-61,85
240.3.140.45.251.130,44.208.45.106.167.16,0,-81,85
164.186.219.182.232.26,44.208.45.106.167.16,0,-74,85
216.252.147.127.63.210,44.208.45.106.167.16,0,-33,85
40.39.191.157.33.63,44.208.45.125.172.128,0,-95,85
176.197.89.188.18.183,0.66.104.213.240.0,0,-93,86
240.3.140.45.251.130,44.208.45.106.167.16,0,-81,86
40.39.191.157.33.63,44.208.45.125.172.128,0,-95,86
216.252.147.127.63.210,44.208.45.106.167.16,0,-33,86
120.228.0.57.52.255,0.66.104.213.240.0,0,-61,86
164.186.219.182.232.26,44.208.45.106.167.16,0,-74,86
40.39.191.157.33.63,44.208.45.125.172.128,0,-95,87
164.186.219.182.232.26,44.208.45.106.167.16,0,-74,87
240.3.140.45.251.130,44.208.45.106.167.16,0,-81,87
120.228.0.57.52.255,0.66.104.213.240.0,0,-61,87
176.197.89.188.18.183,0.66.104.213.240.0,0,-94,87
216.252.147.127.63.210,44.208.45.106.167.16,0,-32,87
240.3.140.45.251.130,44.208.45.106.167.16,0,-81,88
8.212.12.130.83.142,0.66.104.213.240.0,1,-76,88
164.186.219.182.232.26,44.208.45.106.167.16,0,-74,88
216.252.147.127.63.210,44.208.45.106.167.16,0,-32,88
40.39.191.157.33.63,44.208.45.125.172.128,0,-95,88
120.228.0.57.52.255,0.66.104.213.240.0,0,-61,88
40.39.191.157.33.63,44.208.45.125.172.128,0,-95,89
240.3.140.45.251.130,44.208.45.106.167.16,0,-81,89
216.252.147.127.63.210,44.208.45.106.167.16,0,-32,89
120.228.0.57.52.255,0.66.104.213.240.0,0,-61,89
8.212.12.130.83.142,0.66.104.213.240.0,1,-78,89
164.186.219.182.232.26,44.208.45.106.167.16,0,-74,89
40.39.191.157.33.63,44.208.45.125.172.128,0,-95,90
8.212.12.130.83.142,0.66.104.213.240.0,1,-81,90
120.228.0.57.52.255,0.66.104.213.240.0,0,-61,90
148.233.121.198.198.71,0.66.104.213.240.0,0,-41,90
164.186.219.182.232.26,44.208.45.106.167.16,0,-74,90
216.252.147.127.63.210,44.208.45.106.167.16,0,-32,90
8.212.12.130.83.142,0.66.104.213.240.0,1,-79,91
120.228.0.57.52.255,0.66.104.213.240.0,0,-61,91
148.233.121.198.198.71,0.66.104.213.240.0,0,-40,91
40.39.191.157.33.63,44.208.45.125.172.128,0,-95,91
164.186.219.182.232.26,44.208.45.106.167.16,0,-74,91
216.252.147.127.63.210,44.208.45.106.167.16,0,-34,91
216.252.147.127.63.210,44.208.45.106.167.16,0,-35,92
164.186.219.182.232.26,44.208.45.106.167.16,0,-74,92
120.228.0.57.52.255,0.66.104.213.240.0,0,-62,92
40.39.191.157.33.63,44.208.45.125.172.128,0,-96,92
148.233.121.198.198.71,0.66.104.213.240.0,0,-39,92
8.212.12.130.83.142,0.66.104.213.240.0,1,-76,92
216.252.147.127.63.210,44.208.45.106.167.16,0,-36,93
164.186.219.182.232.26,44.208.45.106.167.16,0,-74,93
40.39.191.157.33.63,44.208.45.125.172.128,0,-95,93
148.233.121.198.198.71,0.66.104.213.240.0,0,-39,93
8.212.12.130.83.142,0.66.104.213.240.0,1,-77,93
120.228.0.57.52.255,0.66.104.213.240.0,0,-62,93
164.186.219.182.232.26,44.208.45.106.167.16,0,-74,94
148.233.121.198.198.71,0.66.104.213.240.0,0,-39,94
8.212.12.130.83.142,0.66.104.213.240.0,1,-80,94
120.228.0.57.52.255,0.66.104.213.240.0,0,-63,94
40.39.191.157.33.63,44.208.45.125.172.128,0,-95,94
216.252.147.127.63.210,44.208.45.106.167.16,0,-37,94
120.228.0.57.52.255,0.66.104.213.240.0,0,-63,95
164.186.219.182.232.26,44.208.45.106.167.16,0,-74,95
40.39.191.157.33.63,44.208.45.125.172.128,0,-95,95
216.252.147.127.63.210,44.208.45.106.167.16,0,-38,95
8.212.12.130.83.142,0.66.104.213.240.0,1,-82,95
148.233.121.198.198.71,0.66.104.213.240.0,0,-39,95
8.212.12.130.83.142,0.66.104.213.240.0,1,-79,96
40.39.191.157.33.63,44.208.45.125.172.128,0,-95,96
24.33.149.227.215.219,44.208.45.106.167.16,0,-90,96
120.228.0.57.52.255,0.66.104.213.240.0,0,-64,96
148.233.121.198.198.71,0.66.104.213.240.0,0,-41,96
216.252.147.127.63.210,44.208.45.106.167.16,0,-39,96
164.186.219.182.232.26,44.208.45.106.167.16,0,-74,96
8.212.12.130.83.142,0.66.104.213.240.0,1,-77,97
164.186.219.182.232.26,44.208.45.106.167.16,0,-74,97
148.233.121.198.198.71,0.66.104.213.240.0,0,-44,97
120.228.0.57.52.255,0.66.104.213.240.0,0,-64,97
176.197.89.188.18.183,44.208.45.106.167.16,0,-33,97
216.252.147.127.63.210,44.208.45.106.167.16,0,-39,97
40.39.191.157.33.63,44.208.45.125.172.128,0,-95,97
24.33.149.227.215.219,44.208.45.106.167.16,0,-88,97
164.186.219.182.232.26,44.208.45.106.167.16,0,-74,98
8.212.12.130.83.142,0.66.104.213.240.0,1,-77,98
172.253.206.125.31.69,0.66.104.213.240.0,0,-93,98
176.197.89.188.18.183,44.208.45.106.167.16,0,-31,98
216.252.147.127.63.210,44.208.45.106.167.16,0,-40,98
24.33.149.227.215.219,44.208.45.106.167.16,0,-87,98
40.39.191.157.33.63,44.208.45.125.172.128,0,-95,98
148.233.121.198.198.71,0.66.104.213.240.0,0,-47,98
120.228.0.57.52.255,0.66.104.213.240.0,0,-65,98
148.233.121.198.198.71,0.66.104.213.240.0,0,-47,99
172.253.206.125.31.69,0.66.104.213.240.0,0,-94,99
216.252.147.127.63.210,44.208.45.106.167.16,0,-40,99
176.197.89.188.18.183,44.208.45.106.167.16,0,-30,99
120.228.0.57.52.255,0.66.104.213.240.0,0,-65,99
164.186.219.182.232.26,44.208.45.106.167.16,0,-74,99
40.39.191.157.33.63,44.208.45.125.172.128,0,-95,99
24.33.149.227.215.219,44.208.45.106.167.16,0,-85,99
8.212.12.130.83.142,0.66.104.213.240.0,1,-77,99
40.39.191.157.33.63,44.208.45.125.172.128,0,-95,100
120.228.0.57.52.255,0.66.104.213.240.0,0,-66,100
8.212.12.130.83.142,0.66.104.213.240.0,1,-80,100
216.252.147.127.63.210,44.208.45.106.167.16,0,-41,100
24.33.149.227.215.219,44.208.45.106.167.16,0,-86,100
148.233.121.198.198.71,0.66.104.213.240.0,0,-48,100
172.253.206.125.31.69,0.66.104.213.240.0,0,-94,100
164.186.219.182.232.26,44.208.45.106.167.16,0,-74,100
176.197.89.188.18.183,44.208.45.106.167.16,0,-30,100
164.186.219.182.232.26,44.208.45.106.167.16,0,-74,101
120.228.0.57.52.255,0.66.104.213.240.0,0,-66,101
176.197.89.188.18.183,44.208.45.106.167.16,0,-33,101
8.212.12.130.83.142,0.66.104.213.240.0,1,-83,101
172.253.206.125.31.69,0.66.104.213.240.0,0,-94,101
148.233.121.198.198.71,0.66.104.213.240.0,0,-47,101
216.252.147.127.63.210,44.208.45.106.167.16,0,-42,101
40.39.191.157.33.63,44.208.45.125.172.128,0,-94,101
24.33.149.227.215.219,44.208.45.106.167.16,0,-88,101
176.197.89.188.18.183,44.208.45.106.167.16,0,-35,102
120.228.0.57.52.255,0.66.104.213.240.0,0,-67,102
8.212.12.130.83.142,0.66.104.213.240.0,1,-81,102
148.233.121.198.198.71,0.66.104.213.240.0,0,-42,102
164.186.219.182.232.26,44.208.45.106.167.16,0,-74,102
172.253.206.125.31.69,0.66.104.213.240.0,0,-95,102
40.39.191.157.33.63,44.208.45.125.172.128,0,-94,102
24.33.149.227.215.219,44.208.45.106.167.16,0,-90,102
24.33.149.227.215.219,44.208.45.106.167.16,0,-91,103
8.212.12.130.83.142,0.66.104.213.240.0,1,-78,103
172.253.206.125.31.69,0.66.104.213.240.0,0,-95,103
148.233.121.198.198.71,0.66.104.213.240.0,0,-38,103
164.186.219.182.232.26,44.208.45.106.167.16,0,-74,103
120.228.0.57.52.255,0.66.104.213.240.0,0,-67,103
176.197.89.188.18.183,44.208.45.106.167.16,0,-33,103
40.39.191.157.33.63,44.208.45.125.172.128,0,-94,103
8.212.12.130.83.142,0.66.104.213.240.0,1,-76,104
172.253.206.125.31.69,0.66.104.213.240.0,0,-94,104
40.39.191.157.33.63,44.208.45.125.172.128,0,-94,104
176.197.89.188.18.183,44.208.45.106.167.16,0,-33,104
164.186.219.182.232.26,44.208.45.106.167.16,0,-74,104
148.233.121.198.198.71,0.66.104.213.240.0,0,-38,104
24.33.149.227.215.219,44.208.45.106.167.16,0,-90,104
120.228.0.57.52.255,0.66.104.213.240.0,0,-68,104
172.253.206.125.31.69,0.66.104.213.240.0,0,-73,105
176.197.89.188.18.183,44.208.45.106.167.16,0,-32,105
164.186.219.182.232.26,44.208.45.106.167.16,0,-74,105
240.3.140.45.251.130,44.208.45.125.172.128,0,-96,105
24.33.149.227.215.219,44.208.45.106.167.16,0,-87,105
40.39.191.157.33.63,44.208.45.125.172.128,0,-94,105
8.212.12.130.83.142,0.66.104.213.240.0,1,-75,105
148.233.121.198.198.71,0.66.104.213.240.0,0,-40,105
120.228.0.57.52.255,0.66.104.213.240.0,0,-68,105
120.228.0.57.52.255,0.66.104.213.240.0,0,-69,106
164.186.219.182.232.26,44.208.45.106.167.16,0,-74,106
172.253.206.125.31.69,0.66.104.213.240.0,0,-52,106
24.33.149.227.215.219,44.208.45.106.167.16,0,-85,106
148.233.121.198.198.71,0.66.104.213.240.0,0,-40,106
8.212.12.130.83.142,0.66.104.213.240.0,1,-75,106
176.197.89.188.18.183,44.208.45.106.167.16,0,-30,106
40.39.191.157.33.63,44.208.45.125.172.128,0,-94,106
240.3.140.45.251.130,44.208.45.125.172.128,0,-95,106
148.233.121.198.198.71,0.66.104.213.240.0,0,-40,107
120.228.0.57.52.255,0.66.104.213.240.0,0,-69,107
164.186.219.182.232.26,44.208.45.106.167.16,0,-74,107
8.212.12.130.83.142,0.66.104.213.240.0,1,-77,107
24.33.149.227.215.219,44.208.45.106.167.16,0,-89,107
172.253.206.125.31.69,0.66.104.213.240.0,0,-80,107
40.39.191.157.33.63,44.208.45.125.172.128,0,-94,107
240.3.140.45.251.130,44.208.45.125.172.128,0,-94,107
176.197.89.188.18.183,44.208.45.106.167.16,0,-30,107
8.212.12.130.83.142,0.66.104.213.240.0,1,-80,108
172.253.206.125.31.69,0.66.104.213.240.0,0,-94,108
148.233.121.198.198.71,0.66.104.213.240.0,0,-39,108
40.39.191.157.33.63,44.208.45.125.172.128,0,-94,108
120.228.0.57.52.255,0.66.104.213.240.0,0,-70,108
240.3.140.45.251.130,44.208.45.125.172.128,0,-94,108
24.33.149.227.215.219,44.208.45.106.167.16,0,-89,108
176.197.89.188.18.183,44.208.45.106.167.16,0,-30,108
164.186.219.182.232.26,44.208.45.106.167.16,0,-74,108
176.197.89.188.18.183,44.208.45.106.167.16,0,-34,109
148.233.121.198.198.71,0.66.104.213.240.0,0,-39,109
172.253.206.125.31.69,0.66.104.213.240.0,0,-96,109
24.33.149.227.215.219,44.208.45.106.167.16,0,-87,109
240.3.140.45.251.130,44.208.45.125.172.128,0,-93,109
120.228.0.57.52.255,0.66.104.213.240.0,0,-70,109
164.186.219.182.232.26,44.208.45.106.167.16,0,-74,109
8.212.12.130.83.142,0.66.104.213.240.0,1,-78,109
40.39.191.157.33.63,44.208.45.125.172.128,0,-94,109
24.33.149.227.215.219,44.208.45.106.167.16,0,-86,110
40.39.191.157.33.63,44.208.45.125.172.128,0,-94,110
164.186.219.182.232.26,44.208.45.106.167.16,0,-74,110
120.228.0.57.52.255,0.66.104.213.240.0,0,-71,110
172.253.206.125.31.69,0.66.104.213.240.0,0,-94,110
176.197.89.188.18.183,44.208.45.106.167.16,0,-34,110
240.3.140.45.251.130,44.208.45.125.172.128,0,-93,110
8.212.12.130.83.142,0.66.104.213.240.0,1,-76,110
148.233.121.198.198.71,0.66.104.213.240.0,0,-39,110
24.33.149.227.215.219,44.208.45.106.167.16,0,-85,111
216.252.147.127.63.210,44.208.45.106.167.16,1,-42,111
148.233.121.198.198.71,0.66.104.213.240.0,0,-39,111
8.212.12.130.83.142,0.66.104.213.240.0,1,-75,111
40.39.191.157.33.63,44.208.45.125.172.128,0,-94,111
240.3.140.45.251.130,44.208.45.125.172.128,0,-92,111
172.253.206.125.31.69,0.66.104.213.240.0,0,-93,111
176.197.89.188.18.183,44.208.45.106.167.16,0,-33,111
8.212.12.130.83.142,0.66.104.213.240.0,1,-75,112
40.39.191.157.33.63,44.208.45.125.172.128,0,-94,112
216.252.147.127.63.210,44.208.45.106.167.16,1,-42,112
172.253.206.125.31.69,0.66.104.213.240.0,0,-95,112
24.33.149.227.215.219,44.208.45.106.167.16,0,-87,112
148.233.121.198.198.71,0.66.104.213.240.0,0,-42,112
240.3.140.45.251.130,44.208.45.125.172.128,0,-92,112
172.253.206.125.31.69,0.66.104.213.240.0,0,-94,113
148.233.121.198.198.71,0.66.104.213.240.0,0,-45,113
40.39.191.157.33.63,44.208.45.125.172.128,0,-94,113
8.212.12.130.83.142,0.66.104.213.240.0,1,-77,113
240.3.140.45.251.130,44.208.45.125.172.128,0,-91,113
24.33.149.227.215.219,44.208.45.106.167.16,0,-90,113
216.252.147.127.63.210,44.208.45.106.167.16,1,-42,113
216.252.147.127.63.210,44.208.45.106.167.16,1,-42,114
148.233.121.198.198.71,0.66.104.213.240.0,0,-47,114
8.212.12.130.83.142,0.66.104.213.240.0,1,-80,114
24.33.149.227.215.219,44.208.45.106.167.16,0,-91,114
240.3.140.45.251.130,44.208.45.125.172.128,0,-90,114
172.253.206.125.31.69,0.66.104.213.240.0,0,-94,114
40.39.191.157.33.63,44.208.45.125.172.128,0,-94,114
216.252.147.127.63.210,44.208.45.106.167.16,1,-43,115
148.233.121.198.198.71,0.66.104.213.240.0,0,-47,115
40.39.191.157.33.63,44.208.45.125.172.128,0,-94,115
8.212.12.130.83.142,0.66.104.213.240.0,1,-82,115
240.3.140.45.251.130,44.208.45.125.172.128,0,-90,115
24.33.149.227.215.219,44.208.45.106.167.16,0,-90,115
172.253.206.125.31.69,0.66.104.213.240.0,0,-94,115
240.3.140.45.251.130,44.208.45.125.172.128,0,-89,116
216.252.147.127.63.210,44.208.45.106.167.16,1,-43,116
8.212.12.130.83.142,0.66.104.213.240.0,1,-81,116
148.233.121.198.198.71,0.66.104.213.240.0,0,-48,116
24.33.149.227.215.219,44.208.45.106.167.16,0,-88,116
172.253.206.125.31.69,0.66.104.213.240.0,0,-94,116
40.39.191.157.33.63,44.208.45.125.172.128,0,-95,116
8.212.12.130.83.142,0.66.104.213.240.0,1,-80,117
240.3.140.45.251.130,44.208.45.125.172.128,0,-89,117
24.33.149.227.215.219,44.208.45.106.167.16,0,-85,117
172.253.206.125.31.69,0.66.104.213.240.0,0,-89,117
216.252.147.127.63.210,44.208.45.106.167.16,1,-43,117
148.233.121.198.198.71,0.66.104.213.240.0,0,-46,117
40.39.191.157.33.63,44.208.45.125.172.128,0,-95,117
172.253.206.125.31.69,0.66.104.213.240.0,0,-60,118
216.252.147.127.63.210,44.208.45.106.167.16,1,-44,118
148.233.121.198.198.71,0.66.104.213.240.0,0,-42,118
240.3.140.45.251.130,44.208.45.125.172.128,0,-88,118
8.212.12.130.83.142,0.66.104.213.240.0,1,-79,118
40.39.191.157.33.63,44.208.45.125.172.128,0,-95,118
240.3.140.45.251.130,44.208.45.125.172.128,0,-88,119
172.253.206.125.31.69,0.66.104.213.240.0,0,-65,119
8.212.12.130.83.142,0.66.104.213.240.0,1,-77,119
216.252.147.127.63.210,44.208.45.106.167.16,1,-44,119
40.39.191.157.33.63,44.208.45.125.172.128,0,-95,119
148.233.121.198.198.71,0.66.104.213.240.0,0,-38,119
240.3.140.45.251.130,44.208.45.125.172.128,0,-88,120
172.253.206.125.31.69,0.66.104.213.240.0,0,-96,120
8.212.12.130.83.142,0.66.104.213.240.0,1,-79,120
216.252.147.127.63.210,44.208.45.106.167.16,1,-44,120
40.39.191.157.33.63,44.208.45.125.172.128,0,-95,120
8.212.12.130.83.142,0.66.104.213.240.0,1,-82,121
240.3.140.45.251.130,44.208.45.125.172.128,0,-89,121
40.39.191.157.33.63,44.208.45.125.172.128,0,-95,121
216.252.147.127.63.210,44.208.45.106.167.16,1,-45,121
216.252.147.127.63.210,44.208.45.106.167.16,1,-45,122
240.3.140.45.251.130,44.208.45.125.172.128,0,-89,122
8.212.12.130.83.142,0.66.104.213.240.0,1,-81,122
40.39.191.157.33.63,44.208.45.125.172.128,0,-95,122
8.212.12.130.83.142,0.66.104.213.240.0,1,-78,123
40.39.191.157.33.63,44.208.45.125.172.128,0,-95,123
120.228.0.57.52.255,44.208.45.106.167.16,0,-85,123
240.3.140.45.251.130,44.208.45.125.172.128,0,-90,123
216.252.147.127.63.210,44.208.45.106.167.16,1,-45,123
40.39.191.157.33.63,44.208.45.125.172.128,0,-96,124
216.252.147.127.63.210,44.208.45.106.167.16,1,-46,124
8.212.12.130.83.142,0.66.104.213.240.0,1,-76,124
120.228.0.57.52.255,44.208.45.106.167.16,0,-85,124
240.3.140.45.251.130,44.208.45.125.172.128,0,-90,124
120.228.0.57.52.255,44.208.45.106.167.16,0,-85,125
216.252.147.127.63.210,44.208.45.106.167.16,1,-46,125
8.212.12.130.83.142,0.66.104.213.240.0,1,-75,125
240.3.140.45.251.130,44.208.45.125.172.128,0,-91,125
240.3.140.45.251.130,44.208.45.125.172.128,0,-92,126
176.197.89.188.18.183,44.208.45.125.172.128,0,-65,126
120.228.0.57.52.255,44.208.45.106.167.16,0,-85,126
164.186.219.182.232.26,44.208.45.106.167.16,1,-82,126
216.252.147.127.63.210,44.208.45.106.167.16,1,-46,126
8.212.12.130.83.142,0.66.104.213.240.0,1,-75,126
172.253.206.125.31.69,0.66.104.213.240.0,1,-63,127
216.252.147.127.63.210,44.208.45.106.167.16,1,-46,127
120.228.0.57.52.255,44.208.45.106.167.16,0,-86,127
240.3.140.45.251.130,44.208.45.125.172.128,0,-92,127
176.197.89.188.18.183,44.208.45.125.172.128,0,-58,127
8.212.12.130.83.142,0.66.104.213.240.0,1,-75,127
164.186.219.182.232.26,44.208.45.106.167.16,1,-82,127
8.212.12.130.83.142,0.66.104.213.240.0,1,-75,128
120.228.0.57.52.255,44.208.45.106.167.16,0,-86,128
172.253.206.125.31.69,0.66.104.213.240.0,1,-63,128
240.3.140.45.251.130,44.208.45.125.172.128,0,-93,128
216.252.147.127.63.210,44.208.45.106.167.16,1,-46,128
164.186.219.182.232.26,44.208.45.106.167.16,1,-82,128
176.197.89.188.18.183,44.208.45.125.172.128,0,-54,128
164.186.219.182.232.26,44.208.45.106.167.16,1,-82,129
120.228.0.57.52.255,44.208.45.106.167.16,0,-86,129
216.252.147.127.63.210,44.208.45.106.167.16,1,-46,129
240.3.140.45.251.130,44.208.45.125.172.128,0,-93,129
176.197.89.188.18.183,44.208.45.125.172.128,0,-58,129
172.253.206.125.31.69,0.66.104.213.240.0,1,-63,129
164.186.219.182.232.26,44.208.45.106.167.16,1,-82,130
240.3.140.45.251.130,44.208.45.125.172.128,0,-94,130
216.252.147.127.63.210,44.208.45.106.167.16,1,-45,130
120.228.0.57.52.255,44.208.45.106.167.16,0,-86,130
176.197.89.188.18.183,44.208.45.125.172.128,0,-59,130
172.253.206.125.31.69,0.66.104.213.240.0,1,-63,130
176.197.89.188.18.183,44.208.45.125.172.128,0,-59,131
120.228.0.57.52.255,44.208.45.106.167.16,0,-87,131
164.186.219.182.232.26,44.208.45.106.167.16,1,-82,131
172.253.206.125.31.69,0.66.104.213.240.0,1,-63,131
216.252.147.127.63.210,44.208.45.106.167.16,1,-45,131
240.3.140.45.251.130,44.208.45.125.172.128,0,-94,131
120.228.0.57.52.255,44.208.45.106.167.16,0,-86,132
176.197.89.188.18.183,44.208.45.125.172.128,0,-58,132
164.186.219.182.232.26,44.208.45.106.167.16,1,-82,132
172.253.206.125.31.69,0.66.104.213.240.0,1,-63,132
240.3.140.45.251.130,44.208.45.125.172.128,0,-95,132
24.33.149.227.215.219,44.208.45.125.172.128,0,-93,132
216.252.147.127.63.210,44.208.45.106.167.16,1,-45,132
176.197.89.188.18.183,44.208.45.125.172.128,0,-58,133
120.228.0.57.52.255,44.208.45.106.167.16,0,-86,133
164.186.219.182.232.26,44.208.45.106.167.16,1,-82,133
216.252.147.127.63.210,44.208.45.106.167.16,1,-44,133
240.3.140.45.251.130,44.208.45.125.172.128,0,-96,133
24.33.149.227.215.219,44.208.45.125.172.128,0,-93,133
172.253.206.125.31.69,0.66.104.213.240.0,1,-63,133
176.197.89.188.18.183,44.208.45.125.172.128,0,-62,134
120.228.0.57.52.255,44.208.45.106.167.16,0,-86,134
164.186.219.182.232.26,44.208.45.106.167.16,1,-82,134
24.33.149.227.215.219,44.208.45.125.172.128,0,-94,134
172.253.206.125.31.69,0.66.104.213.240.0,1,-63,134
240.3.140.45.251.130,44.208.45.125.172.128,0,-95,134
148.233.121.198.198.71,44.208.45.106.167.16,0,-89,134
216.252.147.127.63.210,44.208.45.106.167.16,1,-44,134
172.253.206.125.31.69,0.66.104.213.240.0,1,-63,135
164.186.219.182.232.26,44.208.45.106.167.16,1,-82,135
216.252.147.127.63.210,44.208.45.106.167.16,1,-44,135
148.233.121.198.198.71,44.208.45.106.167.16,0,-88,135
240.3.140.45.251.130,44.208.45.125.172.128,0,-94,135
24.33.149.227.215.219,44.208.45.125.172.128,0,-94,135
120.228.0.57.52.255,44.208.45.106.167.16,0,-86,135
176.197.89.188.18.183,44.208.45.125.172.128,0,-63,135
164.186.219.182.232.26,44.208.45.106.167.16,1,-82,136
148.233.121.198.198.71,44.208.45.106.167.16,0,-77,136
176.197.89.188.18.183,44.208.45.125.172.128,0,-57,136
40.39.191.157.33.63,44.208.45.127.103.160,0,-66,136
24.33.149.227.215.219,44.208.45.125.172.128,0,-94,136
120.228.0.57.52.255,44.208.45.106.167.16,0,-85,136
172.253.206.125.31.69,0.66.104.213.240.0,1,-63,136
240.3.140.45.251.130,44.208.45.125.172.128,0,-94,136
216.252.147.127.63.210,44.208.45.106.167.16,1,-44,136
172.253.206.125.31.69,0.66.104.213.240.0,1,-63,137
216.252.147.127.63.210,44.208.45.106.167.16,1,-43,137
40.39.191.157.33.63,44.208.45.127.103.160,0,-65,137
176.197.89.188.18.183,44.208.45.125.172.128,0,-56,137
240.3.140.45.251.130,44.208.45.125.172.128,0,-93,137
164.186.219.182.232.26,44.208.45.106.167.16,1,-82,137
120.228.0.57.52.255,44.208.45.106.167.16,0,-85,137
24.33.149.227.215.219,44.208.45.125.172.128,0,-94,137
148.233.121.198.198.71,44.208.45.106.167.16,0,-91,137
176.197.89.188.18.183,44.208.45.125.172.128,0,-60,138
40.39.191.157.33.63,44.208.45.127.103.160,0,-65,138
172.253.206.125.31.69,0.66.104.213.240.0,1,-63,138
24.33.149.227.215.219,44.208.45.125.172.128,0,-94,138
240.3.140.45.251.130,44.208.45.125.172.128,0,-93,138
120.228.0.57.52.255,44.208.45.106.167.16,0,-85,138
216.252.147.127.63.210,44.208.45.106.167.16,1,-43,138
164.186.219.182.232.26,44.208.45.106.167.16,1,-82,138
148.233.121.198.198.71,44.208.45.106.167.16,0,-90,138
240.3.140.45.251.130,44.208.45.125.172.128,0,-92,139
148.233.121.198.198.71,44.208.45.106.167.16,0,-86,139
40.39.191.157.33.63,44.208.45.127.103.160,0,-65,139
120.228.0.57.52.255,44.208.45.106.167.16,0,-85,139
216.252.147.127.63.210,44.208.45.106.167.16,1,-43,139
176.197.89.188.18.183,44.208.45.125.172.128,0,-60,139
8.212.12.130.83.142,44.208.45.106.167.16,0,-90,139
172.253.206.125.31.69,0.66.104.213.240.0,1,-63,139
24.33.149.227.215.219,44.208.45.125.172.128,0,-95,139
164.186.219.182.232.26,44.208.45.106.167.16,1,-82,139
240.3.140.45.251.130,44.208.45.125.172.128,0,-92,140
148.233.121.198.198.71,44.208.45.106.167.16,0,-89,140
216.252.147.127.63.210,44.208.45.106.167.16,1,-42,140
8.212.12.130.83.142,44.208.45.106.167.16,0,-88,140
164.186.219.182.232.26,44.208.45.106.167.16,1,-82,140
172.253.206.125.31.69,0.66.104.213.240.0,1,-63,140
40.39.191.157.33.63,44.208.45.127.103.160,0,-65,140
176.197.89.188.18.183,44.208.45.125.172.128,0,-58,140
24.33.149.227.215.219,44.208.45.125.172.128,0,-95,140
24.33.149.227.215.219,44.208.45.125.172.128,0,-94,141
172.253.206.125.31.69,0.66.104.213.240.0,1,-63,141
148.233.121.198.198.71,44.208.45.106.167.16,0,-78,141
240.3.140.45.251.130,44.208.45.125.172.128,0,-91,141
40.39.191.157.33.63,44.208.45.127.103.160,0,-65,141
164.186.219.182.232.26,44.208.45.106.167.16,1,-82,141
216.252.147.127.63.210,44.208.45.106.167.16,1,-42,141
8.212.12.130.83.142,44.208.45.106.167.16,0,-84,141
240.3.140.45.251.130,44.208.45.125.172.128,0,-90,142
172.253.206.125.31.69,0.66.104.213.240.0,1,-63,142
8.212.12.130.83.142,44.208.45.106.167.16,0,-83,142
40.39.191.157.33.63,44.208.45.127.103.160,0,-65,142
164.186.219.182.232.26,44.208.45.106.167.16,1,-82,142
148.233.121.198.198.71,44.208.45.106.167.16,0,-86,142
24.33.149.227.215.219,44.208.45.125.172.128,0,-94,142
216.252.147.127.63.210,44.208.45.106.167.16,1,-42,142
8.212.12.130.83.142,44.208.45.106.167.16,0,-88,143
164.186.219.182.232.26,44.208.45.106.167.16,1,-82,143
24.33.149.227.215.219,44.208.45.125.172.128,0,-94,143
40.39.191.157.33.63,44.208.45.127.103.160,0,-65,143
216.252.147.127.63.210,44.208.45.106.167.16,1,-42,143
148.233.121.198.198.71,44.208.45.106.167.16,0,-93,143
240.3.140.45.251.130,44.208.45.125.172.128,0,-90,143
172.253.206.125.31.69,0.66.104.213.240.0,1,-63,143
24.33.149.227.215.219,44.208.45.125.172.128,0,-94,144
148.233.121.198.198.71,44.208.45.106.167.16,0,-84,144
216.252.147.127.63.210,44.208.45.106.167.16,1,-42,144
164.186.219.182.232.26,44.208.45.106.167.16,1,-82,144
40.39.191.157.33.63,44.208.45.127.103.160,0,-65,144
8.212.12.130.83.142,44.208.45.106.167.16,0,-79,144
240.3.140.45.251.130,44.208.45.125.172.128,0,-89,144
172.253.206.125.31.69,0.66.104.213.240.0,1,-63,144
164.186.219.182.232.26,44.208.45.106.167.16,1,-82,145
172.253.206.125.31.69,0.66.104.213.240.0,1,-63,145
216.252.147.127.63.210,44.208.45.106.167.16,1,-42,145
40.39.191.157.33.63,44.208.45.127.103.160,0,-65,145
240.3.140.45.251.130,44.208.45.125.172.128,0,-89,145
8.212.12.130.83.142,44.208.45.106.167.16,0,-84,145
24.33.149.227.215.219,44.208.45.125.172.128,0,-94,145
40.39.191.157.33.63,44.208.45.127.103.160,0,-65,146
164.186.219.182.232.26,44.208.45.106.167.16,1,-82,146
8.212.12.130.83.142,44.208.45.106.167.16,0,-82,146
240.3.140.45.251.130,44.208.45.125.172.128,0,-88,146
216.252.147.127.63.210,44.208.45.106.167.16,1,-43,146
24.33.149.227.215.219,44.208.45.125.172.128,0,-93,146
172.253.206.125.31.69,0.66.104.213.240.0,1,-63,146
8.212.12.130.83.142,44.208.45.106.167.16,0,-87,147
40.39.191.157.33.63,44.208.45.127.103.160,0,-65,147
164.186.219.182.232.26,44.208.45.106.167.16,1,-82,147
216.252.147.127.63.210,44.208.45.106.167.16,1,-43,147
24.33.149.227.215.219,44.208.45.125.172.128,0,-93,147
172.253.206.125.31.69,0.66.104.213.240.0,1,-63,147
240.3.140.45.251.130,44.208.45.125.172.128,0,-88,147
164.186.219.182.232.26,44.208.45.106.167.16,1,-82,148
172.253.206.125.31.69,0.66.104.213.240.0,1,-63,148
40.39.191.157.33.63,44.208.45.127.103.160,0,-65,148
8.212.12.130.83.142,44.208.45.106.167.16,0,-89,148
24.33.149.227.215.219,44.208.45.125.172.128,0,-93,148
216.252.147.127.63.210,44.208.45.106.167.16,1,-43,148
8.212.12.130.83.142,44.208.45.106.167.16,0,-87,149
40.39.191.157.33.63,44.208.45.127.103.160,0,-65,149
24.33.149.227.215.219,44.208.45.125.172.128,0,-94,149
216.252.147.127.63.210,44.208.45.106.167.16,1,-44,149
164.186.219.182.232.26,44.208.45.106.167.16,1,-82,149
172.253.206.125.31.69,0.66.104.213.240.0,1,-63,149
216.252.147.127.63.210,44.208.45.106.167.16,1,-44,150
164.186.219.182.232.26,44.208.45.106.167.16,1,-82,150
40.39.191.157.33.63,44.208.45.127.103.160,0,-65,150
8.212.12.130.83.142,44.208.45.106.167.16,0,-83,150
120.228.0.57.52.255,44.208.45.125.172.128,0,-82,150
176.197.89.188.18.183,44.208.45.127.103.160,0,-75,150
24.33.149.227.215.219,44.208.45.125.172.128,0,-95,150
216.252.147.127.63.210,44.208.45.106.167.16,1,-44,151
120.228.0.57.52.255,44.208.45.125.172.128,0,-82,151
8.212.12.130.83.142,44.208.45.106.167.16,0,-88,151
40.39.191.157.33.63,44.208.45.127.103.160,0,-65,151
24.33.149.227.215.219,44.208.45.125.172.128,0,-95,151
164.186.219.182.232.26,44.208.45.106.167.16,1,-82,151
176.197.89.188.18.183,44.208.45.127.103.160,0,-75,151
176.197.89.188.18.183,44.208.45.127.103.160,0,-75,152
216.252.147.127.63.210,44.208.45.106.167.16,1,-45,152
40.39.191.157.33.63,44.208.45.127.103.160,0,-65,152
24.33.149.227.215.219,44.208.45.125.172.128,0,-95,152
164.186.219.182.232.26,44.208.45.106.167.16,1,-82,152
120.228.0.57.52.255,44.208.45.125.172.128,0,-82,152
8.212.12.130.83.142,44.208.45.106.167.16,0,-82,152
216.252.147.127.63.210,44.208.45.106.167.16,1,-45,153
24.33.149.227.215.219,44.208.45.125.172.128,0,-94,153
8.212.12.130.83.142,44.208.45.106.167.16,0,-79,153
176.197.89.188.18.183,44.208.45.127.103.160,0,-75,153
164.186.219.182.232.26,44.208.45.106.167.16,1,-82,153
40.39.191.157.33.63,44.208.45.127.103.160,0,-65,153
120.228.0.57.52.255,44.208.45.125.172.128,0,-82,153
8.212.12.130.83.142,44.208.45.106.167.16,0,-83,154
24.33.149.227.215.219,44.208.45.125.172.128,0,-94,154
40.39.191.157.33.63,44.208.45.127.103.160,0,-65,154
120.228.0.57.52.255,44.208.45.125.172.128,0,-82,154
216.252.147.127.63.210,44.208.45.106.167.16,1,-45,154
164.186.219.182.232.26,44.208.45.106.167.16,1,-82,154
176.197.89.188.18.183,44.208.45.127.103.160,0,-76,154
8.212.12.130.83.142,44.208.45.106.167.16,0,-85,155
24.33.149.227.215.219,44.208.45.125.172.128,0,-94,155
40.39.191.157.33.63,44.208.45.127.103.160,0,-65,155
176.197.89.188.18.183,44.208.45.127.103.160,0,-74,155
216.252.147.127.63.210,44.208.45.106.167.16,1,-46,155
164.186.219.182.232.26,44.208.45.106.167.16,1,-82,155
120.228.0.57.52.255,44.208.45.125.172.128,0,-82,155
176.197.89.188.18.183,44.208.45.127.103.160,0,-73,156
40.39.191.157.33.63,44.208.45.127.103.160,0,-65,156
120.228.0.57.52.255,44.208.45.125.172.128,0,-82,156
24.33.149.227.215.219,44.208.45.125.172.128,0,-95,156
164.186.219.182.232.26,44.208.45.106.167.16,1,-82,156
216.252.147.127.63.210,44.208.45.106.167.16,1,-46,156
120.228.0.57.52.255,44.208.45.125.172.128,0,-82,157
216.252.147.127.63.210,44.208.45.106.167.16,1,-46,157
24.33.149.227.215.219,44.208.45.125.172.128,0,-96,157
176.197.89.188.18.183,44.208.45.127.103.160,0,-72,157
40.39.191.157.33.63,44.208.45.127.103.160,0,-65,157
164.186.219.182.232.26,44.208.45.106.167.16,1,-82,157
24.33.149.227.215.219,44.208.45.125.172.128,0,-95,158
176.197.89.188.18.183,44.208.45.127.103.160,0,-71,158
120.228.0.57.52.255,44.208.45.125.172.128,0,-82,158
216.252.147.127.63.210,44.208.45.106.167.16,1,-47,158
40.39.191.157.33.63,44.208.45.127.103.160,0,-65,158
120.228.0.57.52.255,44.208.45.125.172.128,0,-82,159
148.233.121.198.198.71,44.208.45.125.172.128,0,-92,159
24.33.149.227.215.219,44.208.45.125.172.128,0,-94,159
40.39.191.157.33.63,44.208.45.127.103.160,0,-65,159
176.197.89.188.18.183,44.208.45.127.103.160,0,-71,159
40.39.191.157.33.63,44.208.45.127.103.160,0,-65,160
176.197.89.188.18.183,44.208.45.127.103.160,0,-71,160
24.33.149.227.215.219,44.208.45.125.172.128,0,-94,160
120.228.0.57.52.255,44.208.45.125.172.128,0,-82,160
148.233.121.198.198.71,44.208.45.125.172.128,0,-91,160
120.228.0.57.52.255,44.208.45.125.172.128,0,-82,161
240.3.140.45.251.130,44.208.45.127.103.160,0,-95,161
148.233.121.198.198.71,44.208.45.125.172.128,0,-91,161
24.33.149.227.215.219,44.208.45.125.172.128,0,-95,161
176.197.89.188.18.183,44.208.45.127.103.160,0,-71,161
40.39.191.157.33.63,44.208.45.127.103.160,0,-65,161
240.3.140.45.251.130,44.208.45.127.103.160,0,-94,162
24.33.149.227.215.219,44.208.45.125.172.128,0,-96,162
120.228.0.57.52.255,44.208.45.125.172.128,0,-82,162
148.233.121.198.198.71,44.208.45.125.172.128,0,-85,162
40.39.191.157.33.63,44.208.45.127.103.160,0,-65,162
176.197.89.188.18.183,44.208.45.127.103.160,0,-72,162
40.39.191.157.33.63,44.208.45.127.103.160,0,-65,163
120.228.0.57.52.255,44.208.45.125.172.128,0,-82,163
148.233.121.198.198.71,44.208.45.125.172.128,0,-80,163
8.212.12.130.83.142,44.208.45.106.167.16,1,-89,163
176.197.89.188.18.183,44.208.45.127.103.160,0,-72,163
240.3.140.45.251.130,44.208.45.127.103.160,0,-93,163
40.39.191.157.33.63,44.208.45.127.103.160,0,-66,164
148.233.121.198.198.71,44.208.45.125.172.128,0,-86,164
120.228.0.57.52.255,44.208.45.125.172.128,0,-82,164
8.212.12.130.83.142,44.208.45.106.167.16,1,-89,164
240.3.140.45.251.130,44.208.45.127.103.160,0,-92,164
176.197.89.188.18.183,44.208.45.127.103.160,0,-72,164
176.197.89.188.18.183,44.208.45.127.103.160,0,-72,165
240.3.140.45.251.130,44.208.45.127.103.160,0,-92,165
8.212.12.130.83.142,44.208.45.106.167.16,1,-89,165
40.39.191.157.33.63,44.208.45.127.103.160,0,-65,165
148.233.121.198.198.71,44.208.45.125.172.128,0,-93,165
172.253.206.125.31.69,44.208.45.106.167.16,0,-47,165
120.228.0.57.52.255,44.208.45.125.172.128,0,-82,165
240.3.140.45.251.130,44.208.45.127.103.160,0,-92,166
164.186.219.182.232.26,44.208.45.125.172.128,0,-64,166
120.228.0.57.52.255,44.208.45.125.172.128,0,-82,166
40.39.191.157.33.63,44.208.45.127.103.160,0,-65,166
148.233.121.198.198.71,44.208.45.125.172.128,0,-93,166
172.253.206.125.31.69,44.208.45.106.167.16,0,-52,166
8.212.12.130.83.142,44.208.45.106.167.16,1,-89,166
176.197.89.188.18.183,44.208.45.127.103.160,0,-73,166
120.228.0.57.52.255,44.208.45.125.172.128,0,-82,167
148.233.121.198.198.71,44.208.45.125.172.128,0,-93,167
240.3.140.45.251.130,44.208.45.127.103.160,0,-92,167
40.39.191.157.33.63,44.208.45.127.103.160,0,-65,167
172.253.206.125.31.69,44.208.45.106.167.16,0,-53,167
176.197.89.188.18.183,44.208.45.127.103.160,0,-73,167
8.212.12.130.83.142,44.208.45.106.167.16,1,-89,167
164.186.219.182.232.26,44.208.45.125.172.128,0,-64,167
176.197.89.188.18.183,44.208.45.127.103.160,0,-74,168
8.212.12.130.83.142,44.208.45.106.167.16,1,-89,168
240.3.140.45.251.130,44.208.45.127.103.160,0,-92,168
164.186.219.182.232.26,44.208.45.125.172.128,0,-64,168
120.228.0.57.52.255,44.208.45.125.172.128,0,-82,168
40.39.191.157.33.63,44.208.45.127.103.160,0,-65,168
172.253.206.125.31.69,44.208.45.106.167.16,0,-50,168
148.233.121.198.198.71,44.208.45.125.172.128,0,-88,168
40.39.191.157.33.63,44.208.45.127.103.160,0,-65,169
176.197.89.188.18.183,44.208.45.127.103.160,0,-74,169
216.252.147.127.63.210,44.208.45.125.172.128,0,-62,169
172.253.206.125.31.69,44.208.45.106.167.16,0,-50,169
8.212.12.130.83.142,44.208.45.106.167.16,1,-89,169
240.3.140.45.251.130,44.208.45.127.103.160,0,-93,169
164.186.219.182.232.26,44.208.45.125.172.128,0,-64,169
120.228.0.57.52.255,44.208.45.125.172.128,0,-82,169
148.233.121.198.198.71,44.208.45.125.172.128,0,-83,169
40.39.191.157.33.63,44.208.45.127.103.160,0,-65,170
216.252.147.127.63.210,44.208.45.125.172.128,0,-61,170
120.228.0.57.52.255,44.208.45.125.172.128,0,-82,170
8.212.12.130.83.142,44.208.45.106.167.16,1,-89,170
240.3.140.45.251.130,44.208.45.127.103.160,0,-93,170
148.233.121.198.198.71,44.208.45.125.172.128,0,-88,170
164.186.219.182.232.26,44.208.45.125.172.128,0,-64,170
176.197.89.188.18.183,44.208.45.127.103.160,0,-75,170
172.253.206.125.31.69,44.208.45.106.167.16,0,-51,170
240.3.140.45.251.130,44.208.45.127.103.160,0,-93,171
40.39.191.157.33.63,44.208.45.127.103.160,0,-65,171
216.252.147.127.63.210,44.208.45.125.172.128,0,-61,171
176.197.89.188.18.183,44.208.45.127.103.160,0,-75,171
8.212.12.130.83.142,44.208.45.106.167.16,1,-89,171
120.228.0.57.52.255,44.208.45.125.172.128,0,-82,171
164.186.219.182.232.26,44.208.45.125.172.128,0,-64,171
148.233.121.198.198.71,44.208.45.125.172.128,0,-93,171
172.253.206.125.31.69,44.208.45.106.167.16,0,-52,171
40.39.191.157.33.63,44.208.45.127.103.160,0,-65,172
240.3.140.45.251.130,44.208.45.127.103.160,0,-93,172
172.253.206.125.31.69,44.208.45.106.167.16,0,-55,172
148.233.121.198.198.71,44.208.45.125.172.128,0,-92,172
120.228.0.57.52.255,44.208.45.125.172.128,0,-82,172
176.197.89.188.18.183,44.208.45.127.103.160,0,-75,172
216.252.147.127.63.210,44.208.45.125.172.128,0,-61,172
8.212.12.130.83.142,44.208.45.106.167.16,1,-89,172
164.186.219.182.232.26,44.208.45.125.172.128,0,-64,172
176.197.89.188.18.183,44.208.45.127.103.160,0,-75,173
240.3.140.45.251.130,44.208.45.127.103.160,0,-93,173
164.186.219.182.232.26,44.208.45.125.172.128,0,-64,173
40.39.191.157.33.63,44.208.45.127.103.160,0,-65,173
8.212.12.130.83.142,44.208.45.106.167.16,1,-89,173
148.233.121.198.198.71,44.208.45.125.172.128,0,-91,173
216.252.147.127.63.210,44.208.45.125.172.128,0,-61,173
120.228.0.57.52.255,44.208.45.125.172.128,0,-82,173
172.253.206.125.31.69,44.208.45.106.167.16,0,-54,173
8.212.12.130.83.142,44.208.45.106.167.16,1,-89,174
164.186.219.182.232.26,44.208.45.125.172.128,0,-64,174
176.197.89.188.18.183,44.208.45.127.103.160,0,-76,174
216.252.147.127.63.210,44.208.45.125.172.128,0,-60,174
148.233.121.198.198.71,44.208.45.125.172.128,0,-85,174
40.39.191.157.33.63,44.208.45.127.103.160,0,-65,174
172.253.206.125.31.69,44.208.45.106.167.16,0,-51,174
120.228.0.57.52.255,44.208.45.125.172.128,0,-82,174
240.3.140.45.251.130,44.208.45.127.103.160,0,-93,174
40.39.191.157.33.63,44.208.45.127.103.160,0,-65,175
148.233.121.198.198.71,44.208.45.125.172.128,0,-80,175
120.228.0.57.52.255,44.208.45.125.172.128,0,-82,175
172.253.206.125.31.69,44.208.45.106.167.16,0,-48,175
8.212.12.130.83.142,44.208.45.106.167.16,1,-89,175
216.252.147.127.63.210,44.208.45.125.172.128,0,-59,175
240.3.140.45.251.130,44.208.45.127.103.160,0,-92,175
164.186.219.182.232.26,44.208.45.125.172.128,0,-64,175
176.197.89.188.18.183,44.208.45.127.103.160,0,-74,175
216.252.147.127.63.210,44.208.45.125.172.128,0,-58,176
240.3.140.45.251.130,44.208.45.127.103.160,0,-92,176
120.228.0.57.52.255,44.208.45.125.172.128,0,-82,176
176.197.89.188.18.183,44.208.45.127.103.160,0,-73,176
8.212.12.130.83.142,44.208.45.106.167.16,1,-89,176
24.33.149.227.215.219,44.208.45.127.103.160,0,-75,176
148.233.121.198.198.71,44.208.45.125.172.128,0,-86,176
172.253.206.125.31.69,44.208.45.106.167.16,0,-49,176
164.186.219.182.232.26,44.208.45.125.172.128,0,-64,176
40.39.191.157.33.63,44.208.45.127.103.160,0,-65,176
164.186.219.182.232.26,44.208.45.125.172.128,0,-64,177
172.253.206.125.31.69,44.208.45.106.167.16,0,-51,177
176.197.89.188.18.183,44.208.45.127.103.160,0,-72,177
148.233.121.198.198.71,44.208.45.125.172.128,0,-93,177
120.228.0.57.52.255,44.208.45.125.172.128,0,-82,177
24.33.149.227.215.219,44.208.45.127.103.160,0,-75,177
8.212.12.130.83.142,44.208.45.106.167.16,1,-89,177
216.252.147.127.63.210,44.208.45.125.172.128,0,-57,177
40.39.191.157.33.63,44.208.45.127.103.160,0,-65,177
176.197.89.188.18.183,44.208.45.127.103.160,0,-71,178
164.186.219.182.232.26,44.208.45.125.172.128,0,-64,178
40.39.191.157.33.63,44.208.45.127.103.160,0,-65,178
24.33.149.227.215.219,44.208.45.127.103.160,0,-75,178
172.253.206.125.31.69,44.208.45.106.167.16,0,-47,178
120.228.0.57.52.255,44.208.45.125.172.128,0,-82,178
148.233.121.198.198.71,44.208.45.125.172.128,0,-93,178
216.252.147.127.63.210,44.208.45.125.172.128,0,-57,178
8.212.12.130.83.142,44.208.45.106.167.16,1,-89,178
120.228.0.57.52.255,44.208.45.125.172.128,0,-82,179
148.233.121.198.198.71,44.208.45.125.172.128,0,-93,179
164.186.219.182.232.26,44.208.45.125.172.128,0,-64,179
216.252.147.127.63.210,44.208.45.125.172.128,0,-59,179
24.33.149.227.215.219,44.208.45.127.103.160,0,-73,179
172.253.206.125.31.69,44.208.45.106.167.16,0,-51,179
176.197.89.188.18.183,44.208.45.127.103.160,0,-71,179
8.212.12.130.83.142,44.208.45.106.167.16,1,-89,179
148.233.121.198.198.71,44.208.45.125.172.128,0,-89,180
172.253.206.125.31.69,44.208.45.106.167.16,0,-54,180
216.252.147.127.63.210,44.208.45.125.172.128,0,-61,180
120.228.0.57.52.255,44.208.45.125.172.128,0,-82,180
176.197.89.188.18.183,44.208.45.127.103.160,0,-71,180
164.186.219.182.232.26,44.208.45.125.172.128,0,-64,180
24.33.149.227.215.219,44.208.45.127.103.160,0,-70,180
164.186.219.182.232.26,44.208.45.125.172.128,0,-64,181
216.252.147.127.63.210,44.208.45.125.172.128,0,-63,181
172.253.206.125.31.69,44.208.45.106.167.16,0,-50,181
24.33.149.227.215.219,44.208.45.127.103.160,0,-70,181
176.197.89.188.18.183,44.208.45.127.103.160,0,-71,181
148.233.121.198.198.71,44.208.45.125.172.128,0,-85,181
120.228.0.57.52.255,44.208.45.125.172.128,0,-82,181
120.228.0.57.52.255,44.208.45.125.172.128,0,-82,182
164.186.219.182.232.26,44.208.45.125.172.128,0,-64,182
172.253.206.125.31.69,44.208.45.106.167.16,0,-50,182
216.252.147.127.63.210,44.208.45.125.172.128,0,-64,182
24.33.149.227.215.219,44.208.45.127.103.160,0,-72,182
176.197.89.188.18.183,44.208.45.127.103.160,0,-72,182
148.233.121.198.198.71,44.208.45.125.172.128,0,-84,182
148.233.121.198.198.71,44.208.45.125.172.128,0,-83,183
176.197.89.188.18.183,44.208.45.127.103.160,0,-72,183
172.253.206.125.31.69,44.208.45.106.167.16,0,-51,183
164.186.219.182.232.26,44.208.45.125.172.128,0,-64,183
216.252.147.127.63.210,44.208.45.125.172.128,0,-64,183
120.228.0.57.52.255,44.208.45.125.172.128,0,-82,183
24.33.149.227.215.219,44.208.45.127.103.160,0,-74,183
120.228.0.57.52.255,44.208.45.125.172.128,0,-82,184
172.253.206.125.31.69,44.208.45.106.167.16,0,-51,184
24.33.149.227.215.219,44.208.45.127.103.160,0,-72,184
216.252.147.127.63.210,44.208.45.125.172.128,0,-63,184
176.197.89.188.18.183,44.208.45.127.103.160,0,-72,184
164.186.219.182.232.26,44.208.45.125.172.128,0,-64,184
164.186.219.182.232.26,44.208.45.125.172.128,0,-64,185
240.3.140.45.251.130,44.208.45.127.67.64,0,-60,185
8.212.12.130.83.142,44.208.45.125.172.128,0,-88,185
216.252.147.127.63.210,44.208.45.125.172.128,0,-62,185
24.33.149.227.215.219,44.208.45.127.103.160,0,-70,185
120.228.0.57.52.255,44.208.45.125.172.128,0,-82,185
172.253.206.125.31.69,44.208.45.106.167.16,0,-54,185
176.197.89.188.18.183,44.208.45.127.103.160,0,-72,185
24.33.149.227.215.219,44.208.45.127.103.160,0,-71,186
172.253.206.125.31.69,44.208.45.106.167.16,0,-54,186
120.228.0.57.52.255,44.208.45.125.172.128,0,-82,186
164.186.219.182.232.26,44.208.45.125.172.128,0,-64,186
176.197.89.188.18.183,44.208.45.127.103.160,0,-73,186
8.212.12.130.83.142,44.208.45.125.172.128,0,-89,186
240.3.140.45.251.130,44.208.45.127.67.64,0,-56,186
216.252.147.127.63.210,44.208.45.125.172.128,0,-62,186
24.33.149.227.215.219,44.208.45.127.103.160,0,-72,187
164.186.219.182.232.26,44.208.45.125.172.128,0,-64,187
8.212.12.130.83.142,44.208.45.125.172.128,0,-86,187
240.3.140.45.251.130,44.208.45.127.67.64,0,-53,187
120.228.0.57.52.255,44.208.45.125.172.128,0,-82,187
172.253.206.125.31.69,44.208.45.106.167.16,0,-52,187
216.252.147.127.63.210,44.208.45.125.172.128,0,-61,187
24.33.149.227.215.219,44.208.45.127.103.160,0,-72,188
8.212.12.130.83.142,44.208.45.125.172.128,0,-79,188
164.186.219.182.232.26,44.208.45.125.172.128,0,-64,188
240.3.140.45.251.130,44.208.45.127.67.64,0,-50,188
120.228.0.57.52.255,44.208.45.125.172.128,0,-82,188
172.253.206.125.31.69,44.208.45.106.167.16,0,-49,188
216.252.147.127.63.210,44.208.45.125.172.128,0,-61,188
120.228.0.57.52.255,44.208.45.125.172.128,0,-82,189
172.253.206.125.31.69,44.208.45.106.167.16,0,-49,189
24.33.149.227.215.219,44.208.45.127.103.160,0,-69,189
164.186.219.182.232.26,44.208.45.125.172.128,0,-64,189
216.252.147.127.63.210,44.208.45.125.172.128,0,-61,189
8.212.12.130.83.142,44.208.45.125.172.128,0,-82,189
240.3.140.45.251.130,44.208.45.127.67.64,0,-47,189
240.3.140.45.251.130,44.208.45.127.67.64,0,-44,190
172.253.206.125.31.69,44.208.45.106.167.16,0,-52,190
24.33.149.227.215.219,44.208.45.127.103.160,0,-68,190
8.212.12.130.83.142,44.208.45.125.172.128,0,-87,190
216.252.147.127.63.210,44.208.45.125.172.128,0,-61,190
120.228.0.57.52.255,44.208.45.125.172.128,0,-82,190
164.186.219.182.232.26,44.208.45.125.172.128,0,-64,190
164.186.219.182.232.26,44.208.45.125.172.128,0,-64,191
216.252.147.127.63.210,44.208.45.125.172.128,0,-60,191
240.3.140.45.251.130,44.208.45.127.67.64,0,-41,191
8.212.12.130.83.142,44.208.45.125.172.128,0,-86,191
24.33.149.227.215.219,44.208.45.127.103.160,0,-71,191
120.228.0.57.52.255,44.208.45.125.172.128,0,-82,191
164.186.219.182.232.26,44.208.45.125.172.128,0,-64,192
216.252.147.127.63.210,44.208.45.125.172.128,0,-59,192
24.33.149.227.215.219,44.208.45.127.103.160,0,-74,192
8.212.12.130.83.142,44.208.45.125.172.128,0,-85,192
240.3.140.45.251.130,44.208.45.127.67.64,0,-38,192
8.212.12.130.83.142,44.208.45.125.172.128,0,-83,193
24.33.149.227.215.219,44.208.45.127.103.160,0,-75,193
240.3.140.45.251.130,44.208.45.127.67.64,0,-37,193
164.186.219.182.232.26,44.208.45.125.172.128,0,-64,193
216.252.147.127.63.210,44.208.45.125.172.128,0,-58,193
240.3.140.45.251.130,44.208.45.127.67.64,0,-37,194
164.186.219.182.232.26,44.208.45.125.172.128,0,-64,194
40.39.191.157.33.63,44.208.45.127.67.64,0,-89,194
24.33.149.227.215.219,44.208.45.127.103.160,0,-75,194
216.252.147.127.63.210,44.208.45.125.172.128,0,-57,194
8.212.12.130.83.142,44.208.45.125.172.128,0,-87,194
176.197.89.188.18.183,44.208.45.127.67.64,0,-89,195
164.186.219.182.232.26,44.208.45.125.172.128,0,-64,195
40.39.191.157.33.63,44.208.45.127.67.64,0,-89,195
240.3.140.45.251.130,44.208.45.127.67.64,0,-38,195
8.212.12.130.83.142,44.208.45.125.172.128,0,-87,195
24.33.149.227.215.219,44.208.45.127.103.160,0,-73,195
216.252.147.127.63.210,44.208.45.125.172.128,0,-57,195
40.39.191.157.33.63,44.208.45.127.67.64,0,-90,196
240.3.140.45.251.130,44.208.45.127.67.64,0,-38,196
8.212.12.130.83.142,44.208.45.125.172.128,0,-88,196
24.33.149.227.215.219,44.208.45.127.103.160,0,-71,196
164.186.219.182.232.26,44.208.45.125.172.128,0,-64,196
216.252.147.127.63.210,44.208.45.125.172.128,0,-59,196
172.253.206.125.31.69,44.208.45.106.167.16,1,-68,196
176.197.89.188.18.183,44.208.45.127.67.64,0,-89,196
176.197.89.188.18.183,44.208.45.127.67.64,0,-90,197
24.33.149.227.215.219,44.208.45.127.103.160,0,-69,197
216.252.147.127.63.210,44.208.45.125.172.128,0,-61,197
40.39.191.157.33.63,44.208.45.127.67.64,0,-90,197
172.253.206.125.31.69,44.208.45.106.167.16,1,-67,197
240.3.140.45.251.130,44.208.45.127.67.64,0,-38,197
8.212.12.130.83.142,44.208.45.125.172.128,0,-85,197
176.197.89.188.18.183,44.208.45.127.67.64,0,-91,198
240.3.140.45.251.130,44.208.45.127.67.64,0,-39,198
40.39.191.157.33.63,44.208.45.127.67.64,0,-91,198
216.252.147.127.63.210,44.208.45.125.172.128,0,-63,198
148.233.121.198.198.71,44.208.45.127.103.160,0,-90,198
8.212.12.130.83.142,44.208.45.125.172.128,0,-85,198
24.33.149.227.215.219,44.208.45.127.103.160,0,-72,198
172.253.206.125.31.69,44.208.45.106.167.16,1,-69,198
8.212.12.130.83.142,44.208.45.125.172.128,0,-88,199
216.252.147.127.63.210,44.208.45.125.172.128,0,-65,199
24.33.149.227.215.219,44.208.45.127.103.160,0,-74,199
176.197.89.188.18.183,44.208.45.127.67.64,0,-92,199
148.233.121.198.198.71,44.208.45.127.103.160,0,-90,199
40.39.191.157.33.63,44.208.45.127.67.64,0,-92,199
172.253.206.125.31.69,44.208.45.106.167.16,1,-72,199
240.3.140.45.251.130,44.208.45.127.67.64,0,-39,199
172.253.206.125.31.69,44.208.45.106.167.16,1,-70,200
148.233.121.198.198.71,44.208.45.127.103.160,0,-86,200
8.212.12.130.83.142,44.208.45.125.172.128,0,-88,200
240.3.140.45.251.130,44.208.45.127.67.64,0,-40,200
176.197.89.188.18.183,44.208.45.127.67.64,0,-92,200
40.39.191.157.33.63,44.208.45.127.67.64,0,-91,200
24.33.149.227.215.219,44.208.45.127.103.160,0,-73,200
24.33.149.227.215.219,44.208.45.127.103.160,0,-70,201
176.197.89.188.18.183,44.208.45.127.67.64,0,-91,201
148.233.121.198.198.71,44.208.45.127.103.160,0,-86,201
172.253.206.125.31.69,44.208.45.106.167.16,1,-69,201
40.39.191.157.33.63,44.208.45.127.67.64,0,-90,201
8.212.12.130.83.142,44.208.45.125.172.128,0,-77,201
240.3.140.45.251.130,44.208.45.127.67.64,0,-39,201
24.33.149.227.215.219,44.208.45.127.103.160,0,-70,202
148.233.121.198.198.71,44.208.45.127.103.160,0,-91,202
8.212.12.130.83.142,44.208.45.125.172.128,0,-87,202
176.197.89.188.18.183,44.208.45.127.67.64,0,-91,202
240.3.140.45.251.130,44.208.45.127.67.64,0,-39,202
172.253.206.125.31.69,44.208.45.106.167.16,1,-68,202
40.39.191.157.33.63,44.208.45.127.67.64,0,-90,202
240.3.140.45.251.130,44.208.45.127.67.64,0,-38,203
40.39.191.157.33.63,44.208.45.127.67.64,0,-89,203
172.253.206.125.31.69,44.208.45.106.167.16,1,-66,203
24.33.149.227.215.219,44.208.45.127.103.160,0,-72,203
176.197.89.188.18.183,44.208.45.127.67.64,0,-90,203
148.233.121.198.198.71,44.208.45.127.103.160,0,-94,203
8.212.12.130.83.142,44.208.45.125.172.128,0,-86,203
240.3.140.45.251.130,44.208.45.127.67.64,0,-38,204
176.197.89.188.18.183,44.208.45.127.67.64,0,-89,204
120.228.0.57.52.255,44.208.45.127.103.160,0,-92,204
172.253.206.125.31.69,44.208.45.106.167.16,1,-67,204
24.33.149.227.215.219,44.208.45.127.103.160,0,-72,204
8.212.12.130.83.142,44.208.45.125.172.128,0,-87,204
40.39.191.157.33.63,44.208.45.127.67.64,0,-89,204
148.233.121.198.198.71,44.208.45.127.103.160,0,-69,204
176.197.89.188.18.183,44.208.45.127.67.64,0,-89,205
172.253.206.125.31.69,44.208.45.106.167.16,1,-68,205
8.212.12.130.83.142,44.208.45.125.172.128,0,-85,205
240.3.140.45.251.130,44.208.45.127.67.64,0,-38,205
40.39.191.157.33.63,44.208.45.127.67.64,0,-89,205
148.233.121.198.198.71,44.208.45.127.103.160,0,-69,205
24.33.149.227.215.219,44.208.45.127.103.160,0,-70,205
120.228.0.57.52.255,44.208.45.127.103.160,0,-92,205
216.252.147.127.63.210,44.208.45.125.172.128,1,-67,206
8.212.12.130.83.142,44.208.45.125.172.128,0,-85,206
172.253.206.125.31.69,44.208.45.106.167.16,1,-67,206
240.3.140.45.251.130,44.208.45.127.67.64,0,-37,206
176.197.89.188.18.183,44.208.45.127.67.64,0,-89,206
24.33.149.227.215.219,44.208.45.127.103.160,0,-68,206
40.39.191.157.33.63,44.208.45.127.67.64,0,-90,206
148.233.121.198.198.71,44.208.45.127.103.160,0,-90,206
120.228.0.57.52.255,44.208.45.127.103.160,0,-92,206
148.233.121.198.198.71,44.208.45.127.103.160,0,-89,207
176.197.89.188.18.183,44.208.45.127.67.64,0,-89,207
40.39.191.157.33.63,44.208.45.127.67.64,0,-90,207
120.228.0.57.52.255,44.208.45.127.103.160,0,-92,207
8.212.12.130.83.142,44.208.45.125.172.128,0,-88,207
240.3.140.45.251.130,44.208.45.127.67.64,0,-37,207
172.253.206.125.31.69,44.208.45.106.167.16,1,-68,207
216.252.147.127.63.210,44.208.45.125.172.128,1,-67,207
176.197.89.188.18.183,44.208.45.127.67.64,0,-89,208
240.3.140.45.251.130,44.208.45.127.67.64,0,-37,208
8.212.12.130.83.142,44.208.45.125.172.128,0,-87,208
120.228.0.57.52.255,44.208.45.127.103.160,0,-92,208
148.233.121.198.198.71,44.208.45.127.103.160,0,-86,208
164.186.219.182.232.26,44.208.45.125.172.128,1,-86,208
172.253.206.125.31.69,44.208.45.106.167.16,1,-70,208
40.39.191.157.33.63,44.208.45.127.67.64,0,-91,208
216.252.147.127.63.210,44.208.45.125.172.128,1,-67,208
172.253.206.125.31.69,44.208.45.106.167.16,1,-68,209
164.186.219.182.232.26,44.208.45.125.172.128,1,-86,209
240.3.140.45.251.130,44.208.45.127.67.64,0,-37,209
40.39.191.157.33.63,44.208.45.127.67.64,0,-92,209
120.228.0.57.52.255,44.208.45.127.103.160,0,-92,209
176.197.89.188.18.183,44.208.45.127.67.64,0,-89,209
216.252.147.127.63.210,44.208.45.125.172.128,1,-68,209
8.212.12.130.83.142,44.208.45.125.172.128,0,-86,209
148.233.121.198.198.71,44.208.45.127.103.160,0,-87,209
176.197.89.188.18.183,44.208.45.127.67.64,0,-90,210
164.186.219.182.232.26,44.208.45.125.172.128,1,-86,210
216.252.147.127.63.210,44.208.45.125.172.128,1,-68,210
148.233.121.198.198.71,44.208.45.127.103.160,0,-93,210
120.228.0.57.52.255,44.208.45.127.103.160,0,-92,210
240.3.140.45.251.130,44.208.45.127.67.64,0,-38,210
172.253.206.125.31.69,44.208.45.106.167.16,1,-67,210
8.212.12.130.83.142,44.208.45.125.172.128,0,-83,210
148.233.121.198.198.71,44.208.45.127.103.160,0,-92,211
172.253.206.125.31.69,44.208.45.106.167.16,1,-68,211
120.228.0.57.52.255,44.208.45.127.103.160,0,-92,211
164.186.219.182.232.26,44.208.45.125.172.128,1,-86,211
240.3.140.45.251.130,44.208.45.127.67.64,0,-38,211
176.197.89.188.18.183,44.208.45.127.67.64,0,-91,211
216.252.147.127.63.210,44.208.45.125.172.128,1,-68,211
164.186.219.182.232.26,44.208.45.125.172.128,1,-86,212
120.228.0.57.52.255,44.208.45.127.103.160,0,-92,212
240.3.140.45.251.130,44.208.45.127.67.64,0,-38,212
148.233.121.198.198.71,44.208.45.127.103.160,0,-49,212
216.252.147.127.63.210,44.208.45.125.172.128,1,-67,212
176.197.89.188.18.183,44.208.45.127.67.64,0,-92,212
172.253.206.125.31.69,44.208.45.106.167.16,1,-72,212
120.228.0.57.52.255,44.208.45.127.103.160,0,-92,213
240.3.140.45.251.130,44.208.45.127.67.64,0,-39,213
216.252.147.127.63.210,44.208.45.125.172.128,1,-67,213
172.253.206.125.31.69,44.208.45.106.167.16,1,-71,213
176.197.89.188.18.183,44.208.45.127.67.64,0,-92,213
164.186.219.182.232.26,44.208.45.125.172.128,1,-86,213
164.186.219.182.232.26,44.208.45.125.172.128,1,-86,214
120.228.0.57.52.255,44.208.45.127.103.160,0,-92,214
216.252.147.127.63.210,44.208.45.125.172.128,1,-66,214
240.3.140.45.251.130,44.208.45.127.67.64,0,-39,214
176.197.89.188.18.183,44.208.45.127.67.64,0,-91,214
172.253.206.125.31.69,44.208.45.106.167.16,1,-69,214
164.186.219.182.232.26,44.208.45.125.172.128,1,-86,215
176.197.89.188.18.183,44.208.45.127.67.64,0,-91,215
216.252.147.127.63.210,44.208.45.125.172.128,1,-66,215
240.3.140.45.251.130,44.208.45.127.67.64,0,-40,215
120.228.0.57.52.255,44.208.45.127.103.160,0,-92,215
172.253.206.125.31.69,44.208.45.106.167.16,1,-69,215
24.33.149.227.215.219,44.208.45.127.67.64,0,-96,216
216.252.147.127.63.210,44.208.45.125.172.128,1,-68,216
176.197.89.188.18.183,44.208.45.127.67.64,0,-90,216
120.228.0.57.52.255,44.208.45.127.103.160,0,-92,216
172.253.206.125.31.69,44.208.45.106.167.16,1,-67,216
164.186.219.182.232.26,44.208.45.125.172.128,1,-86,216
120.228.0.57.52.255,44.208.45.127.103.160,0,-92,217
164.186.219.182.232.26,44.208.45.125.172.128,1,-86,217
172.253.206.125.31.69,44.208.45.106.167.16,1,-66,217
216.252.147.127.63.210,44.208.45.125.172.128,1,-69,217
176.197.89.188.18.183,44.208.45.127.67.64,0,-89,217
24.33.149.227.215.219,44.208.45.127.67.64,0,-93,217
216.252.147.127.63.210,44.208.45.125.172.128,1,-70,218
172.253.206.125.31.69,44.208.45.106.167.16,1,-68,218
24.33.149.227.215.219,44.208.45.127.67.64,0,-92,218
176.197.89.188.18.183,44.208.45.127.67.64,0,-89,218
164.186.219.182.232.26,44.208.45.125.172.128,1,-86,218
120.228.0.57.52.255,44.208.45.127.103.160,0,-92,218
120.228.0.57.52.255,44.208.45.127.103.160,0,-92,219
216.252.147.127.63.210,44.208.45.125.172.128,1,-71,219
164.186.219.182.232.26,44.208.45.125.172.128,1,-86,219
176.197.89.188.18.183,44.208.45.127.67.64,0,-90,219
172.253.206.125.31.69,44.208.45.106.167.16,1,-67,219
24.33.149.227.215.219,44.208.45.127.67.64,0,-92,219
216.252.147.127.63.210,44.208.45.125.172.128,1,-70,220
24.33.149.227.215.219,44.208.45.127.67.64,0,-93,220
164.186.219.182.232.26,44.208.45.125.172.128,1,-86,220
120.228.0.57.52.255,44.208.45.127.103.160,0,-92,220
172.253.206.125.31.69,44.208.45.106.167.16,1,-68,220
176.197.89.188.18.183,44.208.45.127.67.64,0,-91,220
176.197.89.188.18.183,44.208.45.127.67.64,0,-92,221
164.186.219.182.232.26,44.208.45.125.172.128,1,-86,221
216.252.147.127.63.210,44.208.45.125.172.128,1,-69,221
120.228.0.57.52.255,44.208.45.127.103.160,0,-92,221
24.33.149.227.215.219,44.208.45.127.67.64,0,-93,221
8.212.12.130.83.142,44.208.45.127.103.160,0,-92,221
172.253.206.125.31.69,44.208.45.106.167.16,1,-71,221
176.197.89.188.18.183,44.208.45.127.67.64,0,-92,222
216.252.147.127.63.210,44.208.45.125.172.128,1,-68,222
120.228.0.57.52.255,44.208.45.127.103.160,0,-92,222
24.33.149.227.215.219,44.208.45.127.67.64,0,-94,222
8.212.12.130.83.142,44.208.45.127.103.160,0,-93,222
164.186.219.182.232.26,44.208.45.125.172.128,1,-86,222
8.212.12.130.83.142,44.208.45.127.103.160,0,-93,223
24.33.149.227.215.219,44.208.45.127.67.64,0,-94,223
164.186.219.182.232.26,44.208.45.125.172.128,1,-86,223
216.252.147.127.63.210,44.208.45.125.172.128,1,-67,223
176.197.89.188.18.183,44.208.45.127.67.64,0,-92,223
120.228.0.57.52.255,44.208.45.127.103.160,0,-92,223
176.197.89.188.18.183,44.208.45.127.67.64,0,-91,224
216.252.147.127.63.210,44.208.45.125.172.128,1,-67,224
24.33.149.227.215.219,44.208.45.127.67.64,0,-94,224
8.212.12.130.83.142,44.208.45.127.103.160,0,-92,224
164.186.219.182.232.26,44.208.45.125.172.128,1,-86,224
120.228.0.57.52.255,44.208.45.127.103.160,0,-92,224
164.186.219.182.232.26,44.208.45.125.172.128,1,-86,225
176.197.89.188.18.183,44.208.45.127.67.64,0,-90,225
216.252.147.127.63.210,44.208.45.125.172.128,1,-67,225
8.212.12.130.83.142,44.208.45.127.103.160,0,-91,225
24.33.149.227.215.219,44.208.45.127.67.64,0,-94,225
24.33.149.227.215.219,44.208.45.127.67.64,0,-94,226
164.186.219.182.232.26,44.208.45.125.172.128,1,-86,226
216.252.147.127.63.210,44.208.45.125.172.128,1,-68,226
176.197.89.188.18.183,44.208.45.127.67.64,0,-90,226
8.212.12.130.83.142,44.208.45.127.103.160,0,-93,226
176.197.89.188.18.183,44.208.45.127.67.64,0,-89,227
216.252.147.127.63.210,44.208.45.125.172.128,1,-68,227
8.212.12.130.83.142,44.208.45.127.103.160,0,-94,227
24.33.149.227.215.219,44.208.45.127.67.64,0,-94,227
164.186.219.182.232.26,44.208.45.125.172.128,1,-86,227
24.33.149.227.215.219,44.208.45.127.67.64,0,-95,228
216.252.147.127.63.210,44.208.45.125.172.128,1,-68,228
164.186.219.182.232.26,44.208.45.125.172.128,1,-86,228
8.212.12.130.83.142,44.208.45.127.103.160,0,-94,228
176.197.89.188.18.183,44.208.45.127.67.64,0,-89,228
148.233.121.198.198.71,44.208.45.127.67.64,0,-60,228
148.233.121.198.198.71,44.208.45.127.67.64,0,-59,229
176.197.89.188.18.183,44.208.45.127.67.64,0,-89,229
24.33.149.227.215.219,44.208.45.127.67.64,0,-95,229
164.186.219.182.232.26,44.208.45.125.172.128,1,-86,229
216.252.147.127.63.210,44.208.45.125.172.128,1,-67,229
8.212.12.130.83.142,44.208.45.127.103.160,0,-94,229
8.212.12.130.83.142,44.208.45.127.103.160,0,-94,230
164.186.219.182.232.26,44.208.45.125.172.128,1,-86,230
172.253.206.125.31.69,44.208.45.125.172.128,0,-36,230
24.33.149.227.215.219,44.208.45.127.67.64,0,-94,230
120.228.0.57.52.255,44.208.45.127.67.64,0,-45,230
176.197.89.188.18.183,44.208.45.127.67.64,0,-89,230
148.233.121.198.198.71,44.208.45.127.67.64,0,-59,230
216.252.147.127.63.210,44.208.45.125.172.128,1,-67,230
8.212.12.130.83.142,44.208.45.127.103.160,0,-80,231
164.186.219.182.232.26,44.208.45.125.172.128,1,-86,231
120.228.0.57.52.255,44.208.45.127.67.64,0,-45,231
176.197.89.188.18.183,44.208.45.127.67.64,0,-89,231
172.253.206.125.31.69,44.208.45.125.172.128,0,-40,231
216.252.147.127.63.210,44.208.45.125.172.128,1,-66,231
148.233.121.198.198.71,44.208.45.127.67.64,0,-55,231
24.33.149.227.215.219,44.208.45.127.67.64,0,-92,231
176.197.89.188.18.183,44.208.45.127.67.64,0,-90,232
148.233.121.198.198.71,44.208.45.127.67.64,0,-50,232
164.186.219.182.232.26,44.208.45.125.172.128,1,-86,232
172.253.206.125.31.69,44.208.45.125.172.128,0,-37,232
24.33.149.227.215.219,44.208.45.127.67.64,0,-92,232
216.252.147.127.63.210,44.208.45.125.172.128,1,-66,232
120.228.0.57.52.255,44.208.45.127.67.64,0,-45,232
8.212.12.130.83.142,44.208.45.127.103.160,0,-60,232
24.33.149.227.215.219,44.208.45.127.67.64,0,-92,233
148.233.121.198.198.71,44.208.45.127.67.64,0,-48,233
8.212.12.130.83.142,44.208.45.127.103.160,0,-76,233
120.228.0.57.52.255,44.208.45.127.67.64,0,-45,233
176.197.89.188.18.183,44.208.45.127.67.64,0,-91,233
172.253.206.125.31.69,44.208.45.125.172.128,0,-35,233
164.186.219.182.232.26,44.208.45.125.172.128,1,-86,233
216.252.147.127.63.210,44.208.45.125.172.128,1,-67,233
120.228.0.57.52.255,44.208.45.127.67.64,0,-45,234
24.33.149.227.215.219,44.208.45.127.67.64,0,-93,234
176.197.89.188.18.183,44.208.45.127.67.64,0,-92,234
8.212.12.130.83.142,44.208.45.127.103.160,0,-96,234
164.186.219.182.232.26,44.208.45.125.172.128,1,-86,234
148.233.121.198.198.71,44.208.45.127.67.64,0,-50,234
216.252.147.127.63.210,44.208.45.125.172.128,1,-69,234
172.253.206.125.31.69,44.208.45.125.172.128,0,-35,234
164.186.219.182.232.26,44.208.45.125.172.128,1,-86,235
172.253.206.125.31.69,44.208.45.125.172.128,0,-36,235
216.252.147.127.63.210,44.208.45.125.172.128,1,-70,235
148.233.121.198.198.71,44.208.45.127.67.64,0,-52,235
176.197.89.188.18.183,44.208.45.127.67.64,0,-93,235
8.212.12.130.83.142,44.208.45.127.103.160,0,-94,235
120.228.0.57.52.255,44.208.45.127.67.64,0,-45,235
24.33.149.227.215.219,44.208.45.127.67.64,0,-93,235
8.212.12.130.83.142,44.208.45.127.103.160,0,-93,236
120.228.0.57.52.255,44.208.45.127.67.64,0,-45,236
172.253.206.125.31.69,44.208.45.125.172.128,0,-37,236
216.252.147.127.63.210,44.208.45.125.172.128,1,-72,236
24.33.149.227.215.219,44.208.45.127.67.64,0,-94,236
148.233.121.198.198.71,44.208.45.127.67.64,0,-53,236
164.186.219.182.232.26,44.208.45.125.172.128,1,-86,236
120.228.0.57.52.255,44.208.45.127.67.64,0,-45,237
24.33.149.227.215.219,44.208.45.127.67.64,0,-94,237
164.186.219.182.232.26,44.208.45.125.172.128,1,-86,237
148.233.121.198.198.71,44.208.45.127.67.64,0,-55,237
172.253.206.125.31.69,44.208.45.125.172.128,0,-40,237
8.212.12.130.83.142,44.208.45.127.103.160,0,-94,237
172.253.206.125.31.69,44.208.45.125.172.128,0,-40,238
8.212.12.130.83.142,44.208.45.127.103.160,0,-95,238
148.233.121.198.198.71,44.208.45.127.67.64,0,-58,238
120.228.0.57.52.255,44.208.45.127.67.64,0,-45,238
164.186.219.182.232.26,44.208.45.125.172.128,1,-86,238
24.33.149.227.215.219,44.208.45.127.67.64,0,-94,238
8.212.12.130.83.142,44.208.45.127.103.160,0,-95,239
148.233.121.198.198.71,44.208.45.127.67.64,0,-62,239
120.228.0.57.52.255,44.208.45.127.67.64,0,-45,239
172.253.206.125.31.69,44.208.45.125.172.128,0,-36,239
24.33.149.227.215.219,44.208.45.127.67.64,0,-94,239
120.228.0.57.52.255,44.208.45.127.67.64,0,-45,240
172.253.206.125.31.69,44.208.45.125.172.128,0,-36,240
24.33.149.227.215.219,44.208.45.127.67.64,0,-94,240
8.212.12.130.83.142,44.208.45.127.103.160,0,-94,240
148.233.121.198.198.71,44.208.45.127.67.64,0,-61,240
148.233.121.198.198.71,44.208.45.127.67.64,0,-59,241
8.212.12.130.83.142,44.208.45.127.103.160,0,-92,241
120.228.0.57.52.255,44.208.45.127.67.64,0,-45,241
172.253.206.125.31.69,44.208.45.125.172.128,0,-40,241
24.33.149.227.215.219,44.208.45.127.67.64,0,-95,241
120.228.0.57.52.255,44.208.45.127.67.64,0,-45,242
148.233.121.198.198.71,44.208.45.127.67.64,0,-59,242
8.212.12.130.83.142,44.208.45.127.103.160,0,-92,242
172.253.206.125.31.69,44.208.45.125.172.128,0,-37,242
148.233.121.198.198.71,44.208.45.127.67.64,0,-59,243
8.212.12.130.83.142,44.208.45.127.103.160,0,-92,243
120.228.0.57.52.255,44.208.45.127.67.64,0,-45,243
172.253.206.125.31.69,44.208.45.125.172.128,0,-35,243
148.233.121.198.198.71,44.208.45.127.67.64,0,-57,244
8.212.12.130.83.142,44.208.45.127.103.160,0,-92,244
172.253.206.125.31.69,44.208.45.125.172.128,0,-35,244
120.228.0.57.52.255,44.208.45.127.67.64,0,-45,244
148.233.121.198.198.71,44.208.45.127.67.64,0,-52,245
8.212.12.130.83.142,44.208.45.127.103.160,0,-91,245
120.228.0.57.52.255,44.208.45.127.67.64,0,-45,245
216.252.147.127.63.210,44.208.45.127.103.160,0,-76,245
172.253.206.125.31.69,44.208.45.125.172.128,0,-36,245
172.253.206.125.31.69,44.208.45.125.172.128,0,-37,246
148.233.121.198.198.71,44.208.45.127.67.64,0,-48,246
120.228.0.57.52.255,44.208.45.127.67.64,0,-45,246
216.252.147.127.63.210,44.208.45.127.103.160,0,-76,246
8.212.12.130.83.142,44.208.45.127.103.160,0,-92,246
216.252.147.127.63.210,44.208.45.127.103.160,0,-77,247
148.233.121.198.198.71,44.208.45.127.67.64,0,-51,247
172.253.206.125.31.69,44.208.45.125.172.128,0,-40,247
8.212.12.130.83.142,44.208.45.127.103.160,0,-94,247
120.228.0.57.52.255,44.208.45.127.67.64,0,-45,247
148.233.121.198.198.71,44.208.45.127.67.64,0,-54,248
120.228.0.57.52.255,44.208.45.127.67.64,0,-45,248
8.212.12.130.83.142,44.208.45.127.103.160,0,-95,248
172.253.206.125.31.69,44.208.45.125.172.128,0,-40,248
216.252.147.127.63.210,44.208.45.127.103.160,0,-78,248
8.212.12.130.83.142,44.208.45.127.103.160,0,-95,249
172.253.206.125.31.69,44.208.45.125.172.128,0,-37,249
120.228.0.57.52.255,44.208.45.127.67.64,0,-46,249
216.252.147.127.63.210,44.208.45.127.103.160,0,-79,249
148.233.121.198.198.71,44.208.45.127.67.64,0,-54,249
148.233.121.198.198.71,44.208.45.127.67.64,0,-52,250
120.228.0.57.52.255,44.208.45.127.67.64,0,-46,250
164.186.219.182.232.26,44.208.45.127.103.160,0,-65,250
216.252.147.127.63.210,44.208.45.127.103.160,0,-80,250
8.212.12.130.83.142,44.208.45.127.103.160,0,-95,250
8.212.12.130.83.142,44.208.45.127.103.160,0,-87,251
120.228.0.57.52.255,44.208.45.127.67.64,0,-46,251
148.233.121.198.198.71,44.208.45.127.67.64,0,-53,251
164.186.219.182.232.26,44.208.45.127.103.160,0,-65,251
216.252.147.127.63.210,44.208.45.127.103.160,0,-80,251
148.233.121.198.198.71,44.208.45.127.67.64,0,-55,252
8.212.12.130.83.142,44.208.45.127.103.160,0,-66,252
216.252.147.127.63.210,44.208.45.127.103.160,0,-81,252
120.228.0.57.52.255,44.208.45.127.67.64,0,-47,252
164.186.219.182.232.26,44.208.45.127.103.160,0,-65,252
148.233.121.198.198.71,44.208.45.127.67.64,0,-57,253
8.212.12.130.83.142,44.208.45.127.103.160,0,-68,253
216.252.147.127.63.210,44.208.45.127.103.160,0,-80,253
120.228.0.57.52.255,44.208.45.127.67.64,0,-47,253
164.186.219.182.232.26,44.208.45.127.103.160,0,-65,253
148.233.121.198.198.71,44.208.45.127.67.64,0,-58,254
8.212.12.130.83.142,44.208.45.127.103.160,0,-87,254
164.186.219.182.232.26,44.208.45.127.103.160,0,-65,254
120.228.0.57.52.255,44.208.45.127.67.64,0,-47,254
216.252.147.127.63.210,44.208.45.127.103.160,0,-78,254
8.212.12.130.83.142,44.208.45.127.103.160,0,-94,255
164.186.219.182.232.26,44.208.45.127.103.160,0,-65,255
120.228.0.57.52.255,44.208.45.127.67.64,0,-47,255
216.252.147.127.63.210,44.208.45.127.103.160,0,-75,255
148.233.121.198.198.71,44.208.45.127.67.64,0,-59,255
8.212.12.130.83.142,44.208.45.127.103.160,0,-95,256
164.186.219.182.232.26,44.208.45.127.103.160,0,-65,256
120.228.0.57.52.255,44.208.45.127.67.64,0,-48,256
216.252.147.127.63.210,44.208.45.127.103.160,0,-72,256
8.212.12.130.83.142,44.208.45.127.103.160,0,-95,257
164.186.219.182.232.26,44.208.45.127.103.160,0,-65,257
216.252.147.127.63.210,44.208.45.127.103.160,0,-72,257
120.228.0.57.52.255,44.208.45.127.67.64,0,-48,257
164.186.219.182.232.26,44.208.45.127.103.160,0,-65,258
120.228.0.57.52.255,44.208.45.127.67.64,0,-48,258
8.212.12.130.83.142,44.208.45.127.103.160,0,-95,258
216.252.147.127.63.210,44.208.45.127.103.160,0,-73,258
172.253.206.125.31.69,44.208.45.125.172.128,1,-48,259
120.228.0.57.52.255,44.208.45.127.67.64,0,-49,259
216.252.147.127.63.210,44.208.45.127.103.160,0,-74,259
164.186.219.182.232.26,44.208.45.127.103.160,0,-65,259
216.252.147.127.63.210,44.208.45.127.103.160,0,-76,260
172.253.206.125.31.69,44.208.45.125.172.128,1,-43,260
164.186.219.182.232.26,44.208.45.127.103.160,0,-65,260
172.253.206.125.31.69,44.208.45.125.172.128,1,-49,261
164.186.219.182.232.26,44.208.45.127.103.160,0,-65,261
216.252.147.127.63.210,44.208.45.127.103.160,0,-77,261
216.252.147.127.63.210,44.208.45.127.103.160,0,-78,262
164.186.219.182.232.26,44.208.45.127.103.160,0,-65,262
172.253.206.125.31.69,44.208.45.125.172.128,1,-51,262
164.186.219.182.232.26,44.208.45.127.103.160,0,-65,263
172.253.206.125.31.69,44.208.45.125.172.128,1,-53,263
216.252.147.127.63.210,44.208.45.127.103.160,0,-79,263
164.186.219.182.232.26,44.208.45.127.103.160,0,-65,264
172.253.206.125.31.69,44.208.45.125.172.128,1,-51,264
216.252.147.127.63.210,44.208.45.127.103.160,0,-79,264
216.252.147.127.63.210,44.208.45.127.103.160,0,-79,265
164.186.219.182.232.26,44.208.45.127.103.160,0,-65,265
172.253.206.125.31.69,44.208.45.125.172.128,1,-49,265
216.252.147.127.63.210,44.208.45.127.103.160,0,-79,266
164.186.219.182.232.26,44.208.45.127.103.160,0,-65,266
172.253.206.125.31.69,44.208.45.125.172.128,1,-49,266
172.253.206.125.31.69,44.208.45.125.172.128,1,-47,267
216.252.147.127.63.210,44.208.45.127.103.160,0,-79,267
164.186.219.182.232.26,44.208.45.127.103.160,0,-65,267
216.252.147.127.63.210,44.208.45.127.103.160,0,-78,268
8.212.12.130.83.142,44.208.45.127.103.160,1,-77,268
172.253.206.125.31.69,44.208.45.125.172.128,1,-43,268
8.212.12.130.83.142,44.208.45.127.103.160,1,-77,269
216.252.147.127.63.210,44.208.45.127.103.160,0,-76,269
172.253.206.125.31.69,44.208.45.125.172.128,1,-47,269
216.252.147.127.63.210,44.208.45.127.103.160,0,-75,270
172.253.206.125.31.69,44.208.45.125.172.128,1,-43,270
8.212.12.130.83.142,44.208.45.127.103.160,1,-77,270
172.253.206.125.31.69,44.208.45.125.172.128,1,-48,271
216.252.147.127.63.210,44.208.45.127.103.160,0,-73,271
8.212.12.130.83.142,44.208.45.127.103.160,1,-77,271
216.252.147.127.63.210,44.208.45.127.103.160,0,-72,272
8.212.12.130.83.142,44.208.45.127.103.160,1,-77,272
172.253.206.125.31.69,44.208.45.125.172.128,1,-51,272
172.253.206.125.31.69,44.208.45.125.172.128,1,-53,273
216.252.147.127.63.210,44.208.45.127.103.160,0,-72,273
8.212.12.130.83.142,44.208.45.127.103.160,1,-77,273
8.212.12.130.83.142,44.208.45.127.103.160,1,-77,274
172.253.206.125.31.69,44.208.45.125.172.128,1,-51,274
216.252.147.127.63.210,44.208.45.127.103.160,0,-72,274
8.212.12.130.83.142,44.208.45.127.103.160,1,-77,275
216.252.147.127.63.210,44.208.45.127.103.160,0,-72,275
172.253.206.125.31.69,44.208.45.125.172.128,1,-49,275
164.186.219.182.232.26,44.208.45.127.103.160,1,-85,275
8.212.12.130.83.142,44.208.45.127.103.160,1,-77,276
164.186.219.182.232.26,44.208.45.127.103.160,1,-85,276
172.253.206.125.31.69,44.208.45.125.172.128,1,-49,276
164.186.219.182.232.26,44.208.45.127.103.160,1,-85,277
172.253.206.125.31.69,44.208.45.125.172.128,1,-47,277
8.212.12.130.83.142,44.208.45.127.103.160,1,-77,277
172.253.206.125.31.69,44.208.45.125.172.128,1,-43,278
164.186.219.182.232.26,44.208.45.127.103.160,1,-85,278
8.212.12.130.83.142,44.208.45.127.103.160,1,-77,278
164.186.219.182.232.26,44.208.45.127.103.160,1,-85,279
8.212.12.130.83.142,44.208.45.127.103.160,1,-77,279
8.212.12.130.83.142,44.208.45.127.103.160,1,-77,280
164.186.219.182.232.26,44.208.45.127.103.160,1,-85,280
164.186.219.182.232.26,44.208.45.127.103.160,1,-85,281
8.212.12.130.83.142,44.208.45.127.103.160,1,-77,281
8.212.12.130.83.142,44.208.45.127.103.160,1,-77,282
164.186.219.182.232.26,44.208.45.127.103.160,1,-85,282
8.212.12.130.83.142,44.208.45.127.103.160,1,-77,283
216.252.147.127.63.210,44.208.45.127.103.160,1,-88,283
164.186.219.182.232.26,44.208.45.127.103.160,1,-85,283
216.252.147.127.63.210,44.208.45.127.103.160,1,-88,284
8.212.12.130.83.142,44.208.45.127.103.160,1,-77,284
164.186.219.182.232.26,44.208.45.127.103.160,1,-85,284
164.186.219.182.232.26,44.208.45.127.103.160,1,-85,285
8.212.12.130.83.142,44.208.45.127.103.160,1,-77,285
216.252.147.127.63.210,44.208.45.127.103.160,1,-88,285
164.186.219.182.232.26,44.208.45.127.103.160,1,-85,286
216.252.147.127.63.210,44.208.45.127.103.160,1,-88,286
8.212.12.130.83.142,44.208.45.127.103.160,1,-77,286
164.186.219.182.232.26,44.208.45.127.103.160,1,-85,287
216.252.147.127.63.210,44.208.45.127.103.160,1,-88,287
8.212.12.130.83.142,44.208.45.127.103.160,1,-77,287
164.186.219.182.232.26,44.208.45.127.103.160,1,-85,288
216.252.147.127.63.210,44.208.45.127.103.160,1,-88,288
8.212.12.130.83.142,44.208.45.127.103.160,1,-77,288
164.186.219.182.232.26,44.208.45.127.103.160,1,-85,289
8.212.12.130.83.142,44.208.45.127.103.160,1,-77,289
216.252.147.127.63.210,44.208.45.127.103.160,1,-88,289
216.252.147.127.63.210,44.208.45.127.103.160,1,-88,290
8.212.12.130.83.142,44.208.45.127.103.160,1,-77,290
164.186.219.182.232.26,44.208.45.127.103.160,1,-85,290
216.252.147.127.63.210,44.208.45.127.103.160,1,-88,291
8.212.12.130.83.142,44.208.45.127.103.160,1,-77,291
164.186.219.182.232.26,44.208.45.127.103.160,1,-85,291
8.212.12.130.83.142,44.208.45.127.103.160,1,-77,292
164.186.219.182.232.26,44.208.45.127.103.160,1,-85,292
216.252.147.127.63.210,44.208.45.127.103.160,1,-88,292
216.252.147.127.63.210,44.208.45.127.103.160,1,-88,293
172.253.206.125.31.69,44.208.45.127.103.160,0,-81,293
8.212.12.130.83.142,44.208.45.127.103.160,1,-77,293
8.212.12.130.83.142,44.208.45.127.103.160,1,-77,294
216.252.147.127.63.210,44.208.45.127.103.160,1,-88,294
172.253.206.125.31.69,44.208.45.127.103.160,0,-80,294
216.252.147.127.63.210,44.208.45.127.103.160,1,-88,295
172.253.206.125.31.69,44.208.45.127.103.160,0,-82,295
8.212.12.130.83.142,44.208.45.127.103.160,1,-77,295
216.252.147.127.63.210,44.208.45.127.103.160,1,-88,296
172.253.206.125.31.69,44.208.45.127.103.160,0,-83,296
8.212.12.130.83.142,44.208.45.127.103.160,1,-77,296
216.252.147.127.63.210,44.208.45.127.103.160,1,-88,297
172.253.206.125.31.69,44.208.45.127.103.160,0,-80,297
8.212.12.130.83.142,44.208.45.127.103.160,1,-77,297
8.212.12.130.83.142,44.208.45.127.103.160,1,-77,298
216.252.147.127.63.210,44.208.45.127.103.160,1,-88,298
172.253.206.125.31.69,44.208.45.127.103.160,0,-77,298
8.212.12.130.83.142,44.208.45.127.103.160,1,-77,299
216.252.147.127.63.210,44.208.45.127.103.160,1,-88,299
172.253.206.125.31.69,44.208.45.127.103.160,0,-79,299
8.212.12.130.83.142,44.208.45.127.103.160,1,-77,300
172.253.206.125.31.69,44.208.45.127.103.160,0,-79,300
216.252.147.127.63.210,44.208.45.127.103.160,1,-88,300
172.253.206.125.31.69,44.208.45.127.103.160,0,-79,301
216.252.147.127.63.210,44.208.45.127.103.160,1,-88,301
8.212.12.130.83.142,44.208.45.127.103.160,1,-77,301
172.253.206.125.31.69,44.208.45.127.103.160,0,-79,302
216.252.147.127.63.210,44.208.45.127.103.160,1,-88,302
8.212.12.130.83.142,44.208.45.127.103.160,1,-77,302
172.253.206.125.31.69,44.208.45.127.103.160,0,-80,303
216.252.147.127.63.210,44.208.45.127.103.160,1,-88,303
8.212.12.130.83.142,44.208.45.127.103.160,1,-77,303
172.253.206.125.31.69,44.208.45.127.103.160,0,-81,304
216.252.147.127.63.210,44.208.45.127.103.160,1,-88,304
8.212.12.130.83.142,44.208.45.127.103.160,1,-77,304
172.253.206.125.31.69,44.208.45.127.103.160,0,-83,305
216.252.147.127.63.210,44.208.45.127.103.160,1,-88,305
8.212.12.130.83.142,44.208.45.127.103.160,1,-77,305
172.253.206.125.31.69,44.208.45.127.103.160,0,-83,306
216.252.147.127.63.210,44.208.45.127.103.160,1,-88,306
172.253.206.125.31.69,44.208.45.127.103.160,0,-83,307
164.186.219.182.232.26,44.208.45.127.67.64,0,-86,307
216.252.147.127.63.210,44.208.45.127.103.160,1,-88,307
216.252.147.127.63.210,44.208.45.127.103.160,1,-88,308
172.253.206.125.31.69,44.208.45.127.103.160,0,-79,308
164.186.219.182.232.26,44.208.45.127.67.64,0,-86,308
172.253.206.125.31.69,44.208.45.127.103.160,0,-77,309
216.252.147.127.63.210,44.208.45.127.103.160,1,-88,309
164.186.219.182.232.26,44.208.45.127.67.64,0,-86,309
216.252.147.127.63.210,44.208.45.127.103.160,1,-88,310
164.186.219.182.232.26,44.208.45.127.67.64,0,-86,310
172.253.206.125.31.69,44.208.45.127.103.160,0,-79,310
216.252.147.127.63.210,44.208.45.127.103.160,1,-88,311
172.253.206.125.31.69,44.208.45.127.103.160,0,-79,311
164.186.219.182.232.26,44.208.45.127.67.64,0,-86,311
164.186.219.182.232.26,44.208.45.127.67.64,0,-86,312
8.212.12.130.83.142,44.208.45.127.67.64,0,-34,312
172.253.206.125.31.69,44.208.45.127.103.160,0,-79,312
216.252.147.127.63.210,44.208.45.127.103.160,1,-88,312
216.252.147.127.63.210,44.208.45.127.103.160,1,-88,313
164.186.219.182.232.26,44.208.45.127.67.64,0,-86,313
8.212.12.130.83.142,44.208.45.127.67.64,0,-37,313
164.186.219.182.232.26,44.208.45.127.67.64,0,-86,314
8.212.12.130.83.142,44.208.45.127.67.64,0,-41,314
164.186.219.182.232.26,44.208.45.127.67.64,0,-86,315
8.212.12.130.83.142,44.208.45.127.67.64,0,-42,315
164.186.219.182.232.26,44.208.45.127.67.64,0,-86,316
8.212.12.130.83.142,44.208.45.127.67.64,0,-43,316
164.186.219.182.232.26,44.208.45.127.67.64,0,-86,317
8.212.12.130.83.142,44.208.45.127.67.64,0,-42,317
164.186.219.182.232.26,44.208.45.127.67.64,0,-86,318
8.212.12.130.83.142,44.208.45.127.67.64,0,-40,318
8.212.12.130.83.142,44.208.45.127.67.64,0,-40,319
164.186.219.182.232.26,44.208.45.127.67.64,0,-86,319
164.186.219.182.232.26,44.208.45.127.67.64,0,-86,320
8.212.12.130.83.142,44.208.45.127.67.64,0,-42,320
164.186.219.182.232.26,44.208.45.127.67.64,0,-86,321
8.212.12.130.83.142,44.208.45.127.67.64,0,-43,321
8.212.12.130.83.142,44.208.45.127.67.64,0,-43,322
164.186.219.182.232.26,44.208.45.127.67.64,0,-86,322
8.212.12.130.83.142,44.208.45.127.67.64,0,-44,323
164.186.219.182.232.26,44.208.45.127.67.64,0,-86,323
164.186.219.182.232.26,44.208.45.127.67.64,0,-86,324
8.212.12.130.83.142,44.208.45.127.67.64,0,-44,324
216.252.147.127.63.210,44.208.45.127.67.64,0,-93,325
8.212.12.130.83.142,44.208.45.127.67.64,0,-45,325
164.186.219.182.232.26,44.208.45.127.67.64,0,-86,325
172.253.206.125.31.69,44.208.45.127.103.160,1,-58,325
216.252.147.127.63.210,44.208.45.127.67.64,0,-93,326
172.253.206.125.31.69,44.208.45.127.103.160,1,-58,326
8.212.12.130.83.142,44.208.45.127.67.64,0,-45,326
164.186.219.182.232.26,44.208.45.127.67.64,0,-86,326
172.253.206.125.31.69,44.208.45.127.103.160,1,-58,327
8.212.12.130.83.142,44.208.45.127.67.64,0,-46,327
216.252.147.127.63.210,44.208.45.127.67.64,0,-94,327
8.212.12.130.83.142,44.208.45.127.67.64,0,-42,328
172.253.206.125.31.69,44.208.45.127.103.160,1,-58,328
216.252.147.127.63.210,44.208.45.127.67.64,0,-95,328
172.253.206.125.31.69,44.208.45.127.103.160,1,-58,329
216.252.147.127.63.210,44.208.45.127.67.64,0,-95,329
8.212.12.130.83.142,44.208.45.127.67.64,0,-37,329
216.252.147.127.63.210,44.208.45.127.67.64,0,-95,330
8.212.12.130.83.142,44.208.45.127.67.64,0,-38,330
172.253.206.125.31.69,44.208.45.127.103.160,1,-59,330
8.212.12.130.83.142,44.208.45.127.67.64,0,-40,331
216.252.147.127.63.210,44.208.45.127.67.64,0,-94,331
172.253.206.125.31.69,44.208.45.127.103.160,1,-59,331
216.252.147.127.63.210,44.208.45.127.67.64,0,-91,332
172.253.206.125.31.69,44.208.45.127.103.160,1,-59,332
8.212.12.130.83.142,44.208.45.127.67.64,0,-39,332
216.252.147.127.63.210,44.208.45.127.67.64,0,-88,333
172.253.206.125.31.69,44.208.45.127.103.160,1,-59,333
8.212.12.130.83.142,44.208.45.127.67.64,0,-36,333
172.253.206.125.31.69,44.208.45.127.103.160,1,-59,334
8.212.12.130.83.142,44.208.45.127.67.64,0,-35,334
216.252.147.127.63.210,44.208.45.127.67.64,0,-89,334
216.252.147.127.63.210,44.208.45.127.67.64,0,-90,335
172.253.206.125.31.69,44.208.45.127.103.160,1,-59,335
8.212.12.130.83.142,44.208.45.127.67.64,0,-39,335
216.252.147.127.63.210,44.208.45.127.67.64,0,-92,336
8.212.12.130.83.142,44.208.45.127.67.64,0,-42,336
172.253.206.125.31.69,44.208.45.127.103.160,1,-59,336
172.253.206.125.31.69,44.208.45.127.103.160,1,-59,337
216.252.147.127.63.210,44.208.45.127.67.64,0,-93,337
8.212.12.130.83.142,44.208.45.127.67.64,0,-43,337
172.253.206.125.31.69,44.208.45.127.103.160,1,-59,338
8.212.12.130.83.142,44.208.45.127.67.64,0,-43,338
216.252.147.127.63.210,44.208.45.127.67.64,0,-94,338
172.253.206.125.31.69,44.208.45.127.103.160,1,-59,339
8.212.12.130.83.142,44.208.45.127.67.64,0,-41,339
216.252.147.127.63.210,44.208.45.127.67.64,0,-95,339
8.212.12.130.83.142,44.208.45.127.67.64,0,-40,340
216.252.147.127.63.210,44.208.45.127.67.64,0,-95,340
172.253.206.125.31.69,44.208.45.127.103.160,1,-58,340
216.252.147.127.63.210,44.208.45.127.67.64,0,-95,341
8.212.12.130.83.142,44.208.45.127.67.64,0,-41,341
172.253.206.125.31.69,44.208.45.127.103.160,1,-58,341
172.253.206.125.31.69,44.208.45.127.103.160,1,-58,342
216.252.147.127.63.210,44.208.45.127.67.64,0,-94,342
8.212.12.130.83.142,44.208.45.127.67.64,0,-42,342
172.253.206.125.31.69,44.208.45.127.103.160,1,-58,343
216.252.147.127.63.210,44.208.45.127.67.64,0,-91,343
8.212.12.130.83.142,44.208.45.127.67.64,0,-43,343
8.212.12.130.83.142,44.208.45.127.67.64,0,-43,344
172.253.206.125.31.69,44.208.45.127.103.160,1,-58,344
216.252.147.127.63.210,44.208.45.127.67.64,0,-88,344
8.212.12.130.83.142,44.208.45.127.67.64,0,-44,345
216.252.147.127.63.210,44.208.45.127.67.64,0,-88,345
8.212.12.130.83.142,44.208.45.127.67.64,0,-44,346
216.252.147.127.63.210,44.208.45.127.67.64,0,-89,346
8.212.12.130.83.142,44.208.45.127.67.64,0,-45,347
216.252.147.127.63.210,44.208.45.127.67.64,0,-91,347
8.212.12.130.83.142,44.208.45.127.67.64,0,-46,348
8.212.12.130.83.142,44.208.45.127.67.64,0,-45,349
8.212.12.130.83.142,44.208.45.127.67.64,0,-40,350
8.212.12.130.83.142,44.208.45.127.67.64,0,-36,351
8.212.12.130.83.142,44.208.45.127.67.64,0,-39,352
8.212.12.130.83.142,44.208.45.127.67.64,0,-42,353
172.253.206.125.31.69,44.208.45.127.67.64,0,-86,359
172.253.206.125.31.69,44.208.45.127.67.64,0,-87,360
8.212.12.130.83.142,44.208.45.127.67.64,1,-53,361
172.253.206.125.31.69,44.208.45.127.67.64,0,-88,361
8.212.12.130.83.142,44.208.45.127.67.64,1,-53,362
172.253.206.125.31.69,44.208.45.127.67.64,0,-88,362
8.212.12.130.83.142,44.208.45.127.67.64,1,-54,363
172.253.206.125.31.69,44.208.45.127.67.64,0,-88,363
8.212.12.130.83.142,44.208.45.127.67.64,1,-57,364
172.253.206.125.31.69,44.208.45.127.67.64,0,-87,364
172.253.206.125.31.69,44.208.45.127.67.64,0,-86,365
8.212.12.130.83.142,44.208.45.127.67.64,1,-59,365
172.253.206.125.31.69,44.208.45.127.67.64,0,-85,366
8.212.12.130.83.142,44.208.45.127.67.64,1,-57,366
172.253.206.125.31.69,44.208.45.127.67.64,0,-84,367
8.212.12.130.83.142,44.208.45.127.67.64,1,-55,367
8.212.12.130.83.142,44.208.45.127.67.64,1,-55,368
172.253.206.125.31.69,44.208.45.127.67.64,0,-84,368
172.253.206.125.31.69,44.208.45.127.67.64,0,-85,369
8.212.12.130.83.142,44.208.45.127.67.64,1,-56,369
8.212.12.130.83.142,44.208.45.127.67.64,1,-57,370
172.253.206.125.31.69,44.208.45.127.67.64,0,-86,370
172.253.206.125.31.69,44.208.45.127.67.64,0,-86,371
8.212.12.130.83.142,44.208.45.127.67.64,1,-57,371
172.253.206.125.31.69,44.208.45.127.67.64,0,-86,372
8.212.12.130.83.142,44.208.45.127.67.64,1,-55,372
8.212.12.130.83.142,44.208.45.127.67.64,1,-52,373
172.253.206.125.31.69,44.208.45.127.67.64,0,-83,373
172.253.206.125.31.69,44.208.45.127.67.64,0,-79,374
8.212.12.130.83.142,44.208.45.127.67.64,1,-55,374
172.253.206.125.31.69,44.208.45.127.67.64,0,-75,375
8.212.12.130.83.142,44.208.45.127.67.64,1,-60,375
8.212.12.130.83.142,44.208.45.127.67.64,1,-62,376
172.253.206.125.31.69,44.208.45.127.67.64,0,-78,376
172.253.206.125.31.69,44.208.45.127.67.64,0,-83,377
8.212.12.130.83.142,44.208.45.127.67.64,1,-62,377
172.253.206.125.31.69,44.208.45.127.67.64,0,-86,378
8.212.12.130.83.142,44.208.45.127.67.64,1,-60,378
172.253.206.125.31.69,44.208.45.127.67.64,0,-86,379
8.212.12.130.83.142,44.208.45.127.67.64,1,-55,379
8.212.12.130.83.142,44.208.45.127.67.64,1,-53,380
172.253.206.125.31.69,44.208.45.127.67.64,0,-86,380
172.253.206.125.31.69,44.208.45.127.67.64,0,-86,381
8.212.12.130.83.142,44.208.45.127.67.64,1,-53,381
172.253.206.125.31.69,44.208.45.127.67.64,0,-86,382
8.212.12.130.83.142,44.208.45.127.67.64,1,-53,382
8.212.12.130.83.142,44.208.45.127.67.64,1,-55,383
172.253.206.125.31.69,44.208.45.127.67.64,0,-86,383
172.253.206.125.31.69,44.208.45.127.67.64,0,-86,384
8.212.12.130.83.142,44.208.45.127.67.64,1,-56,384
172.253.206.125.31.69,44.208.45.127.67.64,0,-86,385
8.212.12.130.83.142,44.208.45.127.67.64,1,-55,385
8.212.12.130.83.142,44.208.45.127.67.64,1,-55,386
172.253.206.125.31.69,44.208.45.127.67.64,0,-86,386
8.212.12.130.83.142,44.208.45.127.67.64,1,-57,387
172.253.206.125.31.69,44.208.45.127.67.64,0,-86,387
8.212.12.130.83.142,44.208.45.127.67.64,1,-57,388
172.253.206.125.31.69,44.208.45.127.67.64,0,-86,388
8.212.12.130.83.142,44.208.45.127.67.64,1,-56,389
172.253.206.125.31.69,44.208.45.127.67.64,0,-85,389
8.212.12.130.83.142,44.208.45.127.67.64,1,-55,390
172.253.206.125.31.69,44.208.45.127.67.64,0,-84,390
172.253.206.125.31.69,44.208.45.127.67.64,0,-84,391
8.212.12.130.83.142,44.208.45.127.67.64,1,-56,391
172.253.206.125.31.69,44.208.45.127.67.64,0,-84,392
8.212.12.130.83.142,44.208.45.127.67.64,1,-57,392
8.212.12.130.83.142,44.208.45.127.67.64,1,-56,393
172.253.206.125.31.69,44.208.45.127.67.64,0,-85,393
172.253.206.125.31.69,44.208.45.127.67.64,0,-85,394
8.212.12.130.83.142,44.208.45.127.67.64,1,-54,394
8.212.12.130.83.142,44.208.45.127.67.64,1,-53,395
172.253.206.125.31.69,44.208.45.127.67.64,0,-81,395
8.212.12.130.83.142,44.208.45.127.67.64,1,-52,396
172.253.206.125.31.69,44.208.45.127.67.64,0,-77,396
8.212.12.130.83.142,44.208.45.127.67.64,1,-58,397
172.253.206.125.31.69,44.208.45.127.67.64,0,-76,397
172.253.206.125.31.69,44.208.45.127.67.64,0,-79,398
8.212.12.130.83.142,44.208.45.127.67.64,1,-62,398
8.212.12.130.83.142,44.208.45.127.67.64,1,-57,399
172.253.206.125.31.69,44.208.45.127.67.64,0,-82,399
172.253.206.125.31.69,44.208.45.127.67.64,0,-84,400
8.212.12.130.83.142,44.208.45.127.67.64,1,-53,400
172.253.206.125.31.69,44.208.45.127.67.64,0,-85,401
8.212.12.130.83.142,44.208.45.127.67.64,1,-53,401
8.212.12.130.83.142,44.208.45.127.67.64,1,-53,402
172.253.206.125.31.69,44.208.45.127.67.64,0,-86,402
172.253.206.125.31.69,44.208.45.127.67.64,1,-75,416
172.253.206.125.31.69,44.208.45.127.67.64,1,-75,417
172.253.206.125.31.69,44.208.45.127.67.64,1,-75,418
172.253.206.125.31.69,44.208.45.127.67.64,1,-75,419
172.253.206.125.31.69,44.208.45.127.67.64,1,-75,420
172.253.206.125.31.69,44.208.45.127.67.64,1,-75,421
172.253.206.125.31.69,44.208.45.127.67.64,1,-75,422
172.253.206.125.31.69,44.208.45.127.67.64,1,-75,423
172.253.206.125.31.69,44.208.45.127.67.64,1,-75,424
172.253.206.125.31.69,44.208.45.127.67.64,1,-75,425
172.253.206.125.31.69,44.208.45.127.67.64,1,-75,426
172.253.206.125.31.69,44.208.45.127.67.64,1,-75,427
172.253.206.125.31.69,44.208.45.127.67.64,1,-75,428
172.253.206.125.31.69,44.208.45.127.67.64,1,-75,429
172.253.206.125.31.69,44.208.45.127.67.64,1,-75,430
172.253.206.125.31.69,44.208.45.127.67.64,1,-75,431
172.253.206.125.31.69,44.208.45.127.67.64,1,-75,432
172.253.206.125.31.69,44.208.45.127.67.64,1,-75,433
172.253.206.125.31.69,44.208.45.127.67.64,1,-75,434
172.253.206.125.31.69,44.208.45.127.67.64,1,-75,435
172.253.206.125.31.69,44.208.45.127.67.64,1,-75,436
172.253.206.125.31.69,44.208.45.127.67.64,1,-75,437
172.253.206.125.31.69,44.208.45.127.67.64,1,-75,438
172.253.206.125.31.69,44.208.45.127.67.64,1,-75,439
172.253.206.125.31.69,44.208.45.127.67.64,1,-75,440
172.253.206.125.31.69,44.208.45.127.67.64,1,-75,441
172.253.206.125.31.69,44.208.45.127.67.64,1,-75,442
172.253.206.125.31.69,44.208.45.127.67.64,1,-75,443
172.253.206.125.31.69,44.208.45.127.67.64,1,-75,444
172.253.206.125.31.69,44.208.45.127.67.64,1,-75,445
172.253.206.125.31.69,44.208.45.127.67.64,1,-75,446
172.253.206.125.31.69,44.208.45.127.67.64,1,-75,447
172.253.206.125.31.69,44.208.45.127.67.64,1,-75,448
172.253.206.125.31.69,44.208.45.127.67.64,1,-75,449
172.253.206.125.31.69,44.208.45.127.67.64,1,-75,450
172.253.206.125.31.69,44.208.45.127.67.64,1,-75,451
172.253.206.125.31.69,44.208.45.127.67.64,1,-75,452
172.253.206.125.31.69,44.208.45.127.67.64,1,-75,453
172.253.206.125.31.69,44.208.45.127.67.64,1,-75,454
172.253.206.125.31.69,44.208.45.127.67.64,1,-75,455
172.253.206.125.31.69,44.208.45.127.67.64,1,-75,456
172.253.206.125.31.69,44.208.45.127.67.64,1,-75,457
172.253.206.125.31.69,44.208.45.127.67.64,1,-75,458
172.253.206.125.31.69,44.208.45.127.67.64,1,-75,459
